,min_dist,min_dur
0,77980.16,4052.63
1,18463.67,1724.63
2,38993.27,2457.46
3,50375.36,2703.94
4,15235.71,1499.86
5,41714.74,3004.01
6,1193.67,159.06
7,14688.84,1284.18
8,9460.48,1007.47
9,10131.35,1155.76
10,184816.33,8553.36
11,74880.95,3871.57
12,16532.84,1352.6
13,12456.32,1334.95
14,2075.14,289.14
15,168238.52,8280.03
16,7018.25,833.78
17,261841.38,11812.86
18,342723.94,14733.6
19,1239.53,181.77
20,16260.68,1568.86
21,1239.53,181.77
22,34315.01,2375.56
23,152745.63,7184.31
24,34360.86,2305.37
25,14274.96,1442.44
26,7309.82,972.16
27,8232.38,946.45
28,54000.37,3176.81
29,6781.75,848.6
30,53823.98,3132.78
31,22547.39,1568.62
32,38324.26,2384.95
33,39444.03,2574.78
34,40910.61,2750.01
35,19818.06,1947.75
36,30783.08,2149.36
37,38130.68,2178.99
38,12772.54,1308.42
39,1001.32,148.46
40,76242.7,3968.99
41,18772.56,1843.19
42,67556.18,3589.94
43,29473.03,1911.13
44,17808.03,1472.19
45,26345.74,2069.01
46,27844.56,2218.08
47,94041.45,4494.31
48,84382.92,4261.83
49,88568.42,4459.9
50,19818.06,1947.75
51,54824.44,3291.62
52,7230.47,834.75
53,47150.34,2600.01
54,5382.19,770.43
55,38967.0,2790.81
56,9494.98,1091.64
57,62277.91,3250.45
58,62276.4,3250.09
59,22313.69,2236.06
60,74806.59,3821.86
61,4044.36,460.06
62,153815.13,7214.05
63,25166.6,1924.17
64,77417.82,4055.41
65,6569.84,758.14
66,84043.69,4133.25
67,27771.57,2504.13
68,38253.07,2500.96
69,73500.98,3685.7
70,4675.96,713.2
71,1460.31,203.96
72,8892.36,938.79
73,1118.39,179.13
74,9431.45,1125.02
75,62635.93,3291.7
76,22459.38,1657.45
77,18077.59,1692.14
78,13820.56,1372.23
79,24142.92,1892.17
80,199899.19,8583.0
81,19603.95,1828.4
82,3647.39,447.01
83,6008.66,755.09
84,29088.79,1973.84
85,24536.77,1830.91
86,112827.77,5036.84
87,121010.57,5428.65
88,115387.16,5254.62
89,1862.41,251.78
90,12595.27,1089.15
91,53835.59,3440.27
92,28113.57,2142.39
93,38925.31,2733.02
94,39631.06,2758.1
95,38205.91,2495.3
96,28618.83,2142.77
97,7254.9,949.05
98,67543.62,3532.41
99,36273.79,2409.35
100,8029.91,891.09
101,63061.88,3368.4
102,15652.67,1417.9
103,5668.44,704.77
104,7629.36,934.44
105,26681.76,2016.47
106,126663.26,5755.68
107,47456.96,2538.78
108,28431.94,2045.84
109,7711.84,1009.29
110,101950.94,5140.06
111,97892.91,5886.44
112,33444.39,2381.29
113,4628.52,613.15
114,1319.02,186.75
115,126371.48,5848.01
116,121587.42,5340.73
117,33053.99,2641.1
118,42332.77,2565.81
119,218422.83,10045.67
120,275902.78,12568.81
121,136840.19,6592.13
122,22072.54,2238.98
123,18449.65,1810.18
124,51654.26,2842.5
125,19164.86,1807.33
126,17931.47,1638.91
127,36777.21,2568.29
128,3275.9,476.33
129,123735.86,6015.62
130,33319.58,2022.56
131,24577.1,1851.27
132,1637.16,215.08
133,17941.16,1791.88
134,45351.41,2531.05
135,62796.29,3304.05
136,192582.2,8559.53
137,46557.39,2652.98
138,2456.21,329.77
139,22383.99,1598.33
140,78586.19,4571.78
141,165623.48,8369.26
142,164903.84,8314.83
143,34057.56,2097.14
144,8990.47,1015.3
145,30504.29,1996.23
146,58081.83,3126.31
147,15084.59,1332.84
148,1394.26,199.06
149,153600.94,7263.72
150,947.65,140.38
151,29346.68,2274.89
152,212472.58,9351.71
153,2895.52,405.65
154,149546.44,6783.43
155,35259.45,2528.34
156,85055.71,4297.49
157,4773.87,531.78
158,13139.34,1371.82
159,106168.09,6242.18
160,38340.91,2306.75
161,3417.61,427.45
162,10290.88,1159.02
163,10954.9,1239.4
164,43704.34,2659.87
165,44737.54,2590.72
166,10031.02,1088.9
167,20968.71,2137.26
168,10440.96,1190.04
169,35709.93,2607.17
170,63041.14,3359.44
171,31052.33,2046.89
172,91763.85,4789.48
173,25188.62,1972.89
174,1348.54,203.02
175,36272.92,2134.75
176,52721.1,3066.66
177,11522.99,1244.04
178,24521.13,1809.93
179,46859.49,2608.27
180,54940.77,3044.29
181,314136.38,15030.93
182,1745.65,258.3
183,112385.3,5517.15
184,3552.13,544.18
185,120843.36,5308.56
186,1214.6,171.4
187,9246.29,1206.3
188,22638.32,1861.76
189,72954.68,4049.72
190,75466.34,4379.88
191,308814.47,12657.6
192,62623.34,3442.81
193,12463.98,1314.85
194,44406.61,3167.61
195,38627.75,2262.25
196,47073.44,2941.94
197,4175.6,641.37
198,179141.61,7968.46
199,37955.92,2442.05
200,6371.76,785.73
201,12988.66,1390.24
202,16448.18,1577.88
203,16448.18,1577.88
204,26288.62,2478.08
205,32345.74,2002.32
206,27048.88,2186.44
207,15799.41,1450.97
208,19591.72,1934.58
209,215889.78,10371.05
210,6676.6,864.75
211,8828.35,1108.04
212,4297.46,551.94
213,38602.88,2749.79
214,17294.88,1434.18
215,2876.82,458.81
216,231892.77,10597.96
217,51884.67,2847.77
218,6912.45,795.05
219,81107.39,3991.03
220,5383.89,641.69
221,25312.09,1916.44
222,1243.63,173.01
223,116184.66,5314.03
224,22214.79,1590.57
225,37735.65,2299.32
226,9520.73,1140.2
227,34415.7,2103.31
228,1503.02,214.72
229,302231.94,13209.22
230,28171.24,2659.08
231,123218.09,5901.45
232,35747.13,2483.8
233,8039.19,967.13
234,13462.87,1422.07
235,5376.5,723.53
236,7663.27,835.47
237,154934.89,7345.94
238,3141.88,482.99
239,36900.3,2321.88
240,3467.04,449.39
241,51697.82,2802.93
242,14901.84,1301.45
243,1847.89,248.04
244,12068.81,1317.68
245,419.16,72.3
246,85121.24,4325.84
247,16734.3,1567.89
248,21933.05,1605.79
249,88912.47,4168.18
250,19800.46,1533.98
251,10817.64,1165.4
252,2252.18,382.55
253,27617.89,2128.46
254,138267.45,6252.67
255,218264.69,10549.39
256,8486.17,924.0
257,119731.39,5650.65
258,2810.45,410.51
259,29491.68,1988.77
260,68310.9,3635.17
261,33539.85,2067.26
262,67920.7,3664.45
263,30231.66,2051.43
264,9166.78,1012.12
265,894.11,133.31
266,6508.33,856.42
267,103521.79,4974.28
268,11438.7,1312.29
269,14668.89,1208.51
270,18314.39,1902.49
271,35714.36,2558.35
272,8732.98,957.42
273,35061.76,2157.14
274,6163.14,738.04
275,19939.46,1947.81
276,36461.1,2212.42
277,255845.94,11379.58
278,13792.25,1111.86
279,6637.56,860.14
280,3672.29,501.54
281,3447.84,457.81
282,22267.42,2019.57
283,4748.7,653.39
284,151051.78,6621.27
285,10920.67,1022.26
286,39628.57,2810.79
287,38463.09,2432.26
288,51370.49,2735.47
289,10528.76,1178.81
290,38038.93,2847.53
291,1603.85,239.35
292,103128.8,5243.9
293,34828.2,2214.79
294,42434.13,2436.03
295,75444.53,4356.54
296,28553.62,2199.4
297,7232.18,876.82
298,39817.39,2755.54
299,33699.05,2051.66
300,7407.31,939.31
301,17969.56,1651.07
302,47408.12,2763.3
303,76771.59,4053.63
304,50232.98,2966.54
305,129534.06,5853.9
306,75305.3,3916.21
307,148193.41,7326.94
308,54872.84,3147.92
309,5691.08,761.05
310,48826.43,2901.88
311,19583.88,1961.31
312,6083.5,751.22
313,255297.23,10874.15
314,57759.2,3139.84
315,7594.15,828.39
316,7011.88,833.01
317,25180.38,1975.29
318,12229.07,1311.89
319,3063.58,467.03
320,2409.84,318.81
321,441711.75,18689.93
322,628.87,97.74
323,78367.52,4599.59
324,17428.79,1658.56
325,5091.39,694.19
326,8671.79,1028.39
327,53637.22,2904.33
328,5058.71,691.17
329,234469.81,10077.28
330,24576.05,1953.7
331,4759.36,586.95
332,22378.0,2304.92
333,37797.94,2353.9
334,171588.27,8087.85
335,24575.71,1854.22
336,5798.63,784.04
337,3863.63,525.18
338,23865.16,1826.8
339,38875.2,2745.56
340,88545.86,4454.49
341,3651.36,494.61
342,72796.55,3854.6
343,23283.68,1816.52
344,6953.31,903.66
345,258411.81,11423.34
346,51250.82,2758.46
347,15066.1,1478.83
348,3299.71,464.71
349,5072.98,577.68
350,53870.85,3177.58
351,14509.56,1138.05
352,52805.97,2777.94
353,23691.8,1749.07
354,13278.41,1470.75
355,3248.14,429.66
356,12900.97,1641.76
357,12323.75,1115.41
358,7427.17,989.27
359,50328.62,2919.3
360,49450.01,2771.26
361,27745.68,1986.63
362,9324.51,1065.39
363,115933.33,5332.96
364,2611.8,367.11
365,87104.14,5098.64
366,34597.25,2121.41
367,165574.09,7405.0
368,51396.07,2918.11
369,54011.73,3192.94
370,26484.58,2021.98
371,71639.41,3707.33
372,1274.03,192.65
373,12015.73,1241.92
374,30504.07,2050.78
375,35780.91,2173.57
376,96847.98,5751.59
377,947.17,142.87
378,124906.55,5524.55
379,140831.8,7023.71
380,19523.76,1903.96
381,63833.14,3431.92
382,34836.24,2519.88
383,36154.13,2211.76
384,32978.73,2604.58
385,18969.28,1731.41
386,115615.37,5252.63
387,14072.06,1250.09
388,33293.12,2732.18
389,8732.98,957.42
390,348348.78,14914.78
391,4292.94,587.53
392,15469.0,1525.86
393,46130.87,2797.08
394,282577.5,13056.59
395,206292.47,8776.08
396,546073.19,22995.05
397,86858.14,4195.15
398,17335.87,1386.85
399,4270.57,573.51
400,3069.48,492.42
401,63550.39,3260.12
402,42048.32,2538.15
403,122967.11,5582.8
404,97747.03,5854.66
405,6412.77,903.79
406,12195.89,1331.13
407,26576.19,1819.44
408,25863.34,1818.84
409,284492.56,13037.78
410,9841.15,1037.03
411,45067.69,2880.48
412,49340.95,2857.44
413,103022.05,6020.47
414,23663.0,1733.65
415,11520.51,1182.26
416,2078.04,277.57
417,2964.33,436.09
418,44873.14,2572.05
419,18382.68,1547.09
420,53323.87,3364.73
421,38533.67,2691.96
422,7198.82,833.5
423,13590.99,1448.9
424,46013.62,2523.03
425,3358.01,428.13
426,5093.28,694.53
427,7970.61,872.78
428,34292.54,2481.79
429,14023.04,1277.8
430,5678.02,728.85
431,7304.21,914.57
432,153658.03,7233.17
433,41358.16,2722.03
434,39236.7,2365.89
435,574.41,99.79
436,931.56,141.73
437,53685.02,3142.39
438,46260.2,2733.02
439,7198.82,833.5
440,15728.05,1398.3
441,42374.82,2966.79
442,37737.76,2602.13
443,9211.94,1128.42
444,3805.64,473.75
445,3805.64,473.75
446,3620.4,459.19
447,8419.38,928.51
448,15337.95,1468.91
449,32103.36,2114.11
450,219362.41,10201.68
451,10426.18,1166.04
452,156547.91,7040.78
453,4387.83,574.72
454,6468.03,774.29
455,13384.34,1402.98
456,16273.28,1325.0
457,9488.63,1061.51
458,1745.65,245.83
459,76261.23,3942.14
460,5217.64,693.92
461,5234.56,784.96
462,4483.07,603.16
463,38023.9,2676.52
464,2075.14,289.14
465,7059.15,830.8
466,2270.77,344.83
467,166499.61,7515.52
468,36191.31,2430.63
469,2062.75,280.92
470,36239.83,2160.98
471,1394.26,199.06
472,26281.73,1989.45
473,15726.1,1472.41
474,6824.07,903.9
475,38232.93,2520.5
476,39050.92,2328.68
477,88478.36,4438.29
478,24363.21,1797.5
479,20954.55,1780.96
480,20195.41,1706.53
481,37109.51,2293.95
482,55212.52,3247.41
483,7665.23,837.55
484,49734.21,2854.15
485,28110.52,2677.3
486,118107.5,5517.23
487,23105.67,1705.24
488,68507.4,3675.07
489,93369.82,4769.22
490,47619.27,3324.56
491,20635.4,1514.89
492,122762.65,5953.94
493,7665.23,837.55
494,7625.71,1005.21
495,16448.18,1577.88
496,8799.57,1062.67
497,8773.42,1196.73
498,178296.33,8128.34
499,8709.67,987.28
500,12827.99,1338.15
501,9139.27,976.02
502,55850.04,3097.55
503,27059.67,2038.15
504,6649.27,819.0
505,21697.67,1612.18
506,118107.5,5517.23
507,947.53,138.87
508,10751.92,1052.16
509,31201.96,2465.46
510,8259.92,913.14
511,24709.45,1729.83
512,1303.44,200.62
513,25644.04,2209.35
514,7600.31,918.18
515,121948.4,5769.88
516,15306.91,1351.88
517,9139.27,976.02
518,24386.85,2316.56
519,18595.16,1771.43
520,15400.74,1526.75
521,27793.21,2191.23
522,27792.88,2191.15
523,5914.2,658.55
524,22781.24,1697.47
525,8793.96,902.41
526,23149.68,1624.81
527,64249.05,3585.54
528,14800.76,1540.97
529,3178.26,491.22
530,107620.21,6181.87
531,3285.8,463.28
532,3070.22,455.17
533,4396.01,546.94
534,2272.52,306.9
535,1518.98,217.01
536,1619.53,242.79
537,25686.3,2391.94
538,47486.94,2737.73
539,48377.82,2621.92
540,58532.7,2950.86
541,2552.51,347.75
542,1397.81,207.1
543,95405.48,5071.25
544,12433.91,1256.27
545,1118.39,179.13
546,69785.27,3475.11
547,46895.3,2666.3
548,13194.87,1354.85
549,1476.9,210.96
550,2499.59,331.08
551,639.48,98.29
552,36167.83,2521.81
553,8826.98,1165.45
554,5622.88,699.3
555,58851.4,3328.87
556,46178.21,2630.45
557,1476.9,210.96
558,11960.54,1116.5
559,48233.31,2856.73
560,5268.94,699.89
561,28044.92,2647.65
562,25505.93,2027.27
563,181695.52,8071.17
564,1476.9,210.96
565,10553.36,988.89
566,31966.26,2347.23
567,19396.0,1919.49
568,82988.39,3975.27
569,92375.36,4695.58
570,5633.7,715.64
571,116467.0,5366.79
572,14293.17,1459.24
573,72894.33,3676.1
574,1237.97,183.99
575,3105.47,410.1
576,78449.85,4163.62
577,85048.3,4308.46
578,30754.28,2498.27
579,4320.91,571.05
580,20892.7,1588.88
581,39052.68,2335.41
582,35297.44,2526.25
583,16003.96,1298.48
584,37798.2,2719.02
585,3543.8,483.75
586,51834.59,2807.33
587,42082.68,3068.71
588,42572.34,2845.38
589,11658.24,1385.28
590,90298.71,4613.11
591,1847.89,248.04
592,38469.16,2416.93
593,44589.74,2765.56
594,41330.72,2850.83
595,1910.93,246.16
596,12943.18,1328.1
597,8420.89,928.73
598,6008.66,755.09
599,393336.75,17660.82
600,41305.17,2844.7
601,9673.46,1047.53
602,39069.76,2541.98
603,6125.79,784.43
604,827.12,134.75
605,20092.92,1565.99
606,51011.64,2918.96
607,3760.7,455.21
608,31543.92,2133.49
609,321108.38,13517.88
610,155052.33,7515.01
611,40726.39,2296.42
612,80593.17,3934.69
613,8087.61,925.94
614,161845.63,7137.62
615,95764.91,5643.86
616,14652.37,1525.09
617,14514.24,1444.12
618,1786.92,234.23
619,59532.79,3577.18
620,22051.99,1733.21
621,6538.97,841.12
622,171278.73,8498.94
623,25307.99,1925.91
624,8569.58,1018.75
625,13784.83,1352.83
626,62908.67,3436.99
627,26011.35,2529.94
628,15450.03,1562.3
629,12603.94,1284.48
630,6077.89,708.77
631,6523.16,695.35
632,8537.19,1175.34
633,71673.02,3602.94
634,9123.25,1136.26
635,8098.41,1001.33
636,33571.28,2361.8
637,19630.34,1478.53
638,5021.11,628.06
639,1242.49,191.78
640,9702.71,1196.62
641,9675.5,1154.99
642,74145.83,3764.49
643,206927.95,9670.05
644,35316.1,2536.5
645,1092.78,163.27
646,720.58,132.33
647,8349.18,1173.85
648,44021.44,2722.08
649,9792.59,1150.51
650,12393.83,1367.84
651,41695.98,3006.42
652,21426.34,1970.3
653,11504.96,1032.28
654,139826.64,6868.37
655,63544.28,3590.32
656,1672.26,241.78
657,28366.27,1908.75
658,51196.25,2718.17
659,111789.63,5108.52
660,28191.25,1926.03
661,13829.97,1344.2
662,9123.25,1136.26
663,42395.82,2838.8
664,6855.65,815.73
665,53646.56,3152.89
666,7688.82,889.04
667,163407.95,7874.38
668,15138.7,1414.08
669,2408.36,389.19
670,3299.71,464.71
671,6123.12,754.79
672,27925.38,2420.92
673,7306.65,933.02
674,18238.2,1815.43
675,2860.09,471.11
676,5584.31,709.24
677,977.7,143.18
678,38600.59,2526.97
679,38415.63,2278.58
680,13593.47,1535.44
681,75387.51,4329.07
682,4570.48,603.04
683,2091.91,279.23
684,77672.93,4108.36
685,1412.29,226.1
686,76874.04,4068.21
687,7306.65,933.02
688,9211.94,1128.42
689,649.94,111.54
690,88339.53,4396.51
691,52573.87,2903.02
692,14836.77,1450.21
693,25461.32,2568.21
694,3105.47,410.1
695,6862.91,768.17
696,5677.92,677.78
697,7984.41,958.21
698,6072.1,685.81
699,52950.57,2787.61
700,114366.81,5158.13
701,17081.76,1695.71
702,155403.08,7466.01
703,988.72,143.06
704,1476.9,210.96
705,7212.8,856.93
706,27599.75,2422.71
707,9873.38,1305.18
708,8193.99,1061.73
709,4308.56,645.24
710,7661.91,859.49
711,28835.48,1869.13
712,46898.96,2666.82
713,3715.96,528.39
714,57809.54,3360.47
715,116860.11,5426.31
716,59507.85,3571.2
717,10222.59,1316.25
718,12167.39,1091.73
719,3863.63,525.18
720,18412.68,1557.72
721,55304.96,3251.62
722,20234.22,2076.61
723,7957.65,1025.08
724,3956.32,553.81
725,7661.91,859.49
726,4731.65,525.7
727,8400.34,956.98
728,37178.69,2288.27
729,8984.52,1068.5
730,95094.68,5571.25
731,71406.18,3699.04
732,3863.63,525.18
733,46590.7,2613.64
734,260070.91,11713.22
735,82282.06,4138.53
736,5668.44,704.77
737,1637.21,244.15
738,2039.69,297.58
739,123075.03,5953.88
740,33167.3,2042.69
741,8685.93,914.8
742,22007.45,1562.55
743,3325.27,435.46
744,47543.63,2678.93
745,30282.67,2264.86
746,18565.04,1606.13
747,7507.04,836.91
748,51421.59,2942.78
749,102654.82,5128.42
750,50021.31,2984.54
751,9096.12,999.18
752,6338.86,720.31
753,7771.87,1035.63
754,168035.22,7613.35
755,62910.81,3273.82
756,8432.21,900.75
757,48689.19,3405.0
758,96670.55,4687.68
759,122753.2,5445.74
760,44778.11,2506.26
761,29936.21,2021.22
762,9837.42,1130.5
763,122288.33,5883.02
764,7932.84,868.76
765,57628.77,3190.88
766,13858.31,1607.73
767,1016.6,153.44
768,45208.53,2831.34
769,90998.16,4558.63
770,2247.78,348.54
771,41421.65,2987.64
772,26805.02,1931.62
773,1394.66,199.12
774,2557.7,337.39
775,39705.41,2422.93
776,127535.55,6089.91
777,54660.31,3286.02
778,42750.1,2638.95
779,60737.87,3111.32
780,7160.69,930.89
781,44015.2,2555.42
782,1603.85,239.35
783,56375.3,3447.28
784,2880.95,443.88
785,39194.61,2932.38
786,25093.32,1871.07
787,75364.75,3892.0
788,15635.37,1392.05
789,14184.85,1426.27
790,1467.91,206.98
791,35286.27,2265.06
792,14543.12,1503.4
793,16800.07,1791.75
794,17592.91,1506.26
795,7357.56,935.86
796,7357.56,935.86
797,4554.81,615.11
798,3282.9,505.79
799,7246.81,848.43
800,3907.57,544.65
801,8005.86,1021.27
802,12061.17,1306.5
803,19086.74,1692.41
804,44598.18,2614.55
805,29038.85,2378.0
806,149311.5,6982.58
807,2103.21,328.99
808,6188.43,709.84
809,5320.07,733.35
810,32122.37,2180.79
811,4292.94,587.53
812,18136.25,1495.56
813,41198.26,2934.21
814,29680.92,1980.38
815,2898.72,382.04
816,109220.25,5339.25
817,15634.6,1420.35
818,99099.93,5752.06
819,25925.79,2227.37
820,34874.45,2621.45
821,32929.3,2169.76
822,9752.77,1074.94
823,25245.04,2334.46
824,13282.73,1750.88
825,21947.49,2157.02
826,36326.46,2416.93
827,11896.49,1263.89
828,12768.24,1249.69
829,3648.75,481.38
830,37776.4,2346.7
831,1667.03,258.27
832,42148.22,3133.18
833,51690.49,3180.52
834,2091.91,279.23
835,7932.84,868.76
836,2587.2,349.42
837,14298.1,1350.94
838,37697.05,2223.41
839,33342.72,2561.16
840,18595.2,1495.12
841,92291.13,4754.73
842,19537.33,1949.42
843,10956.73,1300.09
844,157740.94,7572.37
845,17451.92,1484.26
846,181413.89,8048.79
847,38369.88,2361.09
848,50169.55,2984.76
849,39513.62,2924.65
850,35810.75,2631.36
851,32108.61,2192.79
852,51148.36,2824.82
853,8792.77,1065.65
854,2562.3,395.05
855,126523.85,5831.33
856,50265.89,2688.37
857,7520.03,1013.53
858,34043.63,2137.87
859,53043.65,3336.34
860,3961.88,548.83
861,38260.71,2698.14
862,1603.85,239.35
863,53589.52,2837.55
864,59607.58,2957.32
865,158013.69,8048.44
866,13858.31,1607.73
867,19200.32,1603.59
868,27687.75,1900.89
869,50722.57,2717.02
870,117873.84,5532.93
871,71142.83,3858.25
872,18461.91,1488.54
873,34205.21,2393.16
874,1442.45,188.91
875,5420.3,722.29
876,95311.89,5048.79
877,45062.02,2825.51
878,54207.12,2979.99
879,1636.81,218.92
880,649.94,111.54
881,4278.47,627.97
882,3001.35,446.37
883,143016.31,7027.28
884,38450.12,2292.65
885,24248.76,2289.6
886,117644.11,5524.24
887,35778.0,2580.5
888,9010.6,1171.62
889,3139.54,485.49
890,80583.36,4764.92
891,39280.34,2259.43
892,3325.27,435.46
893,5295.5,730.93
894,16199.08,1723.48
895,116883.29,5351.01
896,57727.93,2956.11
897,15726.1,1580.21
898,12203.47,1387.28
899,30791.04,2232.56
900,1847.89,248.04
901,119487.84,5694.35
902,29557.17,2300.44
903,26449.17,2139.7
904,25289.89,1917.02
905,25025.81,1925.29
906,7507.04,836.91
907,17633.01,1349.69
908,4392.74,656.72
909,172187.73,8128.7
910,181710.06,7933.39
911,9973.28,1284.15
912,45627.34,2578.29
913,46272.08,2570.42
914,22840.6,1643.07
915,159403.72,8017.01
916,2233.01,317.97
917,118943.91,5586.45
918,4866.23,569.5
919,94387.57,5525.63
920,155033.09,7454.41
921,25409.95,1876.66
922,39682.86,2709.83
923,78586.58,4623.38
924,56301.8,3105.29
925,91185.8,4658.35
926,13614.18,1535.84
927,126174.55,5740.73
928,90914.87,4651.67
929,10423.69,1217.2
930,8064.38,856.57
931,2817.7,437.06
932,2871.54,456.91
933,3080.69,409.18
934,2499.59,331.08
935,30347.91,2042.3
936,45984.12,2772.22
937,4625.97,535.92
938,22660.87,1879.5
939,7726.82,1039.24
940,7584.57,896.69
941,37624.77,2445.46
942,2636.59,366.97
943,309583.34,13105.04
944,1305.51,200.2
945,28366.58,2661.3
946,40982.22,2937.56
947,11995.24,1406.32
948,28883.98,1926.27
949,729.47,120.5
950,23027.56,1575.7
951,1067.44,163.56
952,84937.27,4275.84
953,14843.77,1646.66
954,68923.18,3640.54
955,8064.38,856.57
956,11973.92,1296.04
957,2587.2,349.42
958,76464.87,4443.43
959,79598.59,4734.56
960,1300.84,199.08
961,192770.33,9750.63
962,13082.4,1372.61
963,91241.73,4606.54
964,96020.64,4904.23
965,11978.43,1297.13
966,5568.52,818.41
967,8359.65,989.74
968,91959.08,4825.86
969,74009.48,3785.26
970,2075.14,289.14
971,1016.6,153.44
972,39037.2,2229.75
973,3399.79,460.62
974,25056.11,1713.76
975,2009.69,284.27
976,14998.67,1234.5
977,70606.88,3712.63
978,902.13,144.92
979,94122.98,4840.39
980,11968.84,1294.82
981,25479.23,2334.98
982,23198.92,1626.21
983,30126.79,1972.77
984,2597.26,348.88
985,4231.8,522.79
986,25869.37,1972.61
987,17348.18,1757.15
988,35033.99,2644.63
989,34524.95,2116.21
990,7382.44,863.56
991,217893.22,9762.04
992,34190.69,2282.09
993,120383.9,5703.18
994,24638.27,1884.17
995,9930.77,1181.41
996,14906.4,1435.0
997,34316.12,2293.98
998,544001.25,22921.2
999,10385.99,997.86
1000,82155.93,3887.26
1001,15991.09,1787.87
1002,4150.81,588.52
1003,1467.91,206.98
1004,2247.78,348.54
1005,14747.23,1552.38
1006,2207.69,344.58
1007,32640.3,2151.65
1008,13627.72,1364.44
1009,17850.58,1681.85
1010,39171.51,2823.49
1011,45586.91,2692.3
1012,26639.42,2081.69
1013,8069.91,854.27
1014,25620.11,1905.4
1015,5777.61,663.8
1016,21637.17,2210.79
1017,25103.69,1969.78
1018,123765.46,6543.06
1019,154642.09,7016.62
1020,44544.53,2491.96
1021,12718.98,1341.78
1022,29217.54,2742.95
1023,23645.45,2051.34
1024,26064.09,2184.07
1025,283621.97,12972.95
1026,15343.53,1451.83
1027,22294.48,1551.4
1028,74104.44,4153.57
1029,11407.21,1271.76
1030,310176.59,12641.19
1031,13699.0,1327.96
1032,281247.88,12886.57
1033,47725.93,2813.26
1034,19303.75,1549.78
1035,28390.95,2182.33
1036,676.88,110.36
1037,27883.42,1858.01
1038,15596.13,1571.08
1039,74317.19,4176.1
1040,28393.85,2014.93
1041,30871.86,2437.44
1042,6468.03,774.29
1043,4753.45,663.79
1044,143417.38,6691.14
1045,94392.46,4526.46
1046,35177.11,2078.46
1047,4761.33,714.36
1048,37827.85,2286.77
1049,4396.42,571.78
1050,4712.71,633.17
1051,6333.33,782.66
1052,22660.34,2179.87
1053,1503.02,214.72
1054,87909.56,4411.11
1055,7531.37,865.81
1056,10923.66,1085.18
1057,36126.63,2209.43
1058,10323.64,1152.56
1059,105739.72,5109.94
1060,26492.7,2600.23
1061,19214.05,1565.56
1062,25079.29,1822.66
1063,40038.37,2504.42
1064,40038.37,2504.42
1065,14564.52,1485.47
1066,111605.91,4957.45
1067,51592.77,2959.6
1068,43493.75,3079.04
1069,184502.59,8500.14
1070,5067.0,651.81
1071,4900.0,675.19
1072,3500.18,447.99
1073,1016.6,153.44
1074,1603.85,239.35
1075,34165.32,2925.17
1076,2242.39,295.83
1077,74182.1,3732.5
1078,35997.75,2369.6
1079,1099.25,169.18
1080,41972.79,3033.39
1081,1230.37,182.17
1082,16691.18,1658.4
1083,34072.16,2428.9
1084,41594.99,2743.37
1085,114990.54,5234.98
1086,36170.63,2205.48
1087,10789.93,1064.47
1088,22109.13,1620.18
1089,42917.63,2835.18
1090,86271.68,5042.69
1091,3620.4,459.19
1092,542704.75,22821.93
1093,22252.4,1853.03
1094,15133.51,1513.7
1095,30502.47,2282.44
1096,33826.58,2720.24
1097,44941.06,2630.02
1098,43269.61,2463.08
1099,714.94,127.68
1100,1063.13,159.66
1101,1902.56,261.3
1102,52050.88,2989.19
1103,5305.0,680.12
1104,123227.72,5750.31
1105,6360.73,795.68
1106,29416.98,1983.19
1107,18661.82,1507.64
1108,2976.23,493.09
1109,3088.38,496.39
1110,8205.23,936.41
1111,8205.23,936.41
1112,8205.23,936.41
1113,23724.52,1800.36
1114,1062.64,159.54
1115,4638.3,624.63
1116,52236.24,2923.6
1117,46675.13,2875.05
1118,39711.28,2317.86
1119,19426.87,1858.8
1120,117196.08,5400.82
1121,6185.09,893.58
1122,31297.04,1982.0
1123,3321.73,426.13
1124,7989.94,1075.56
1125,22809.16,1978.66
1126,37622.84,2374.09
1127,33582.64,2276.69
1128,57239.45,3330.02
1129,154950.67,7051.84
1130,318753.22,15098.11
1131,52424.23,3081.19
1132,52425.81,3081.57
1133,2876.82,458.81
1134,121116.57,5392.02
1135,18225.42,1515.26
1136,61639.92,3192.35
1137,9915.76,1130.93
1138,22629.22,1626.98
1139,5158.58,583.7
1140,162769.64,8098.78
1141,70447.26,3613.91
1142,24422.2,1849.15
1143,96328.88,4758.31
1144,4787.24,589.18
1145,44254.69,2722.64
1146,122215.5,5924.08
1147,6122.74,769.11
1148,285273.94,13408.89
1149,167151.09,7644.19
1150,9885.45,1094.08
1151,118384.18,5506.43
1152,42066.55,3051.57
1153,114289.61,5101.16
1154,22036.75,1626.98
1155,34532.99,2796.06
1156,120977.02,5786.78
1157,244172.73,11166.88
1158,123050.96,5876.58
1159,23992.63,1760.09
1160,79514.87,4666.89
1161,538095.06,22434.06
1162,1745.65,258.3
1163,41543.45,2480.7
1164,728.78,114.36
1165,1637.81,219.04
1166,1732.39,255.42
1167,259220.75,11703.99
1168,29298.04,1912.75
1169,122392.84,5981.36
1170,76167.22,3971.21
1171,87952.1,4401.35
1172,114476.46,5189.71
1173,25550.71,2418.67
1174,285103.94,13368.09
1175,34533.5,2162.97
1176,153550.25,7271.69
1177,1394.66,199.12
1178,39228.4,2760.73
1179,1118.39,179.13
1180,162569.23,7166.21
1181,56798.58,3179.21
1182,41543.45,2480.7
1183,54524.87,3221.08
1184,3000.72,446.28
1185,55538.06,2999.45
1186,5068.38,581.19
1187,26257.91,1997.5
1188,71837.98,3920.18
1189,34568.5,2548.02
1190,543053.31,22887.97
1191,4365.28,589.46
1192,22697.19,1567.0
1193,115424.11,5274.84
1194,16691.18,1658.4
1195,1230.37,182.17
1196,26864.27,1731.61
1197,9647.71,1098.72
1198,3125.25,461.54
1199,5467.33,677.77
1200,1637.16,215.08
1201,116279.98,5325.83
1202,3297.44,538.16
1203,3752.83,485.8
1204,24576.15,1874.77
1205,6257.06,728.58
1206,46390.76,3166.45
1207,177660.52,8080.2
1208,94113.42,4879.4
1209,969.94,142.48
1210,42769.19,2437.77
1211,11818.46,1251.13
1212,1239.53,181.77
1213,53044.74,2903.31
1214,218721.73,10592.28
1215,89302.44,4190.09
1216,7201.3,926.48
1217,40532.11,2253.47
1218,120657.8,5806.09
1219,16081.99,1523.31
1220,39420.2,2844.28
1221,14776.1,1544.07
1222,18596.85,1599.26
1223,4320.77,586.68
1224,51282.64,2741.63
1225,3587.55,503.28
1226,3166.26,407.84
1227,120735.76,5824.8
1228,23166.71,2251.49
1229,8270.36,1122.94
1230,27480.21,1894.55
1231,931.56,141.73
1232,15478.62,1426.65
1233,35596.33,2049.79
1234,27980.14,2256.01
1235,38205.64,2227.66
1236,89459.77,4567.33
1237,20607.34,2008.78
1238,5910.8,705.49
1239,55922.22,3352.13
1240,4278.47,627.97
1241,71933.47,3822.65
1242,91461.11,4740.05
1243,19047.56,1634.06
1244,39778.74,2949.18
1245,84524.45,4281.47
1246,25361.13,1740.68
1247,100115.65,4755.56
1248,91903.48,4734.87
1249,1707.28,236.72
1250,25990.7,1783.63
1251,103119.82,4941.06
1252,1253.5,189.04
1253,37500.48,2299.01
1254,10752.99,1146.66
1255,10965.36,1231.31
1256,181130.88,8049.58
1257,11371.52,1212.7
1258,323901.59,14184.91
1259,45113.57,2515.71
1260,16184.4,1605.82
1261,16364.58,1761.41
1262,12938.4,1384.02
1263,1281.92,195.38
1264,127942.13,5665.48
1265,1503.02,214.72
1266,8133.18,958.49
1267,25796.9,1734.55
1268,8804.14,926.09
1269,7710.3,904.62
1270,283171.31,12932.08
1271,50718.04,2772.5
1272,41974.99,3033.71
1273,6959.92,687.99
1274,37641.91,2636.41
1275,10149.07,1195.59
1276,626.89,97.38
1277,18362.15,1853.19
1278,16960.84,1592.69
1279,90932.24,4342.75
1280,9374.68,1061.39
1281,13700.57,1408.39
1282,37641.76,2441.24
1283,25602.68,2244.06
1284,54898.15,3259.58
1285,74136.58,3817.47
1286,16291.93,1627.08
1287,20461.44,1784.7
1288,14238.34,1537.22
1289,55189.41,3216.57
1290,5686.43,639.36
1291,21218.99,1492.04
1292,68396.53,3610.96
1293,112378.05,5508.14
1294,32377.59,2621.96
1295,3227.23,469.04
1296,86409.78,4258.77
1297,48724.62,2788.3
1298,75345.73,3916.68
1299,10624.61,1136.83
1300,12184.71,1327.72
1301,119302.66,5544.68
1302,86604.19,4227.69
1303,18976.15,1450.15
1304,34399.43,2060.17
1305,7214.73,857.35
1306,122581.88,5450.15
1307,67895.3,3665.93
1308,75245.58,3838.84
1309,3826.3,575.31
1310,25276.35,1978.1
1311,728.78,114.36
1312,15671.8,1470.36
1313,46098.29,2609.17
1314,8709.67,987.28
1315,18238.2,1815.43
1316,85491.4,4976.05
1317,21928.61,1617.11
1318,12241.24,1344.06
1319,6395.01,795.58
1320,103440.95,5217.49
1321,313720.06,12746.49
1322,38334.21,2677.91
1323,90925.52,4522.23
1324,37371.57,2514.19
1325,12474.3,1436.41
1326,3507.12,422.52
1327,9849.06,1057.94
1328,1467.91,206.98
1329,8816.79,1040.01
1330,28809.23,2095.96
1331,26987.4,2044.81
1332,18285.98,1803.44
1333,6707.27,882.66
1334,5067.0,651.81
1335,9712.17,900.33
1336,41930.98,3101.89
1337,22440.93,1742.83
1338,9371.31,1008.47
1339,22174.65,1628.51
1340,3075.48,469.5
1341,2872.56,449.49
1342,17930.55,1754.14
1343,33113.21,2658.99
1344,37207.71,2600.15
1345,11049.23,1134.07
1346,13515.29,1482.96
1347,37211.15,2307.51
1348,3068.42,453.53
1349,540470.75,22600.51
1350,3842.47,530.89
1351,78311.63,4074.33
1352,39742.44,2698.81
1353,5290.72,703.4
1354,2587.2,349.42
1355,22633.93,1879.57
1356,11333.56,1119.84
1357,71483.43,3714.64
1358,9255.41,1004.83
1359,33173.62,2658.96
1360,49203.19,2817.19
1361,6929.04,850.27
1362,29162.03,1966.3
1363,14860.27,1524.93
1364,16597.96,1308.92
1365,5479.61,661.92
1366,8132.57,876.44
1367,45690.32,2864.74
1368,10531.77,1211.84
1369,7157.69,947.13
1370,4786.2,623.33
1371,87767.03,4359.83
1372,310174.31,12632.21
1373,22772.71,1894.01
1374,49735.03,2894.84
1375,3651.36,494.61
1376,22010.83,1625.59
1377,7085.9,974.61
1378,16927.9,1569.61
1379,74745.59,3806.05
1380,5268.6,726.09
1381,649.94,111.54
1382,62946.92,3331.74
1383,160990.05,6678.64
1384,10253.38,1113.91
1385,23602.85,2332.03
1386,1059.97,165.11
1387,27658.21,2149.1
1388,10531.77,1211.84
1389,20819.96,1469.85
1390,541468.69,22696.25
1391,26561.67,2052.77
1392,47959.57,2775.93
1393,947.53,138.87
1394,9482.92,1023.03
1395,30356.36,2043.51
1396,86244.66,4260.39
1397,12343.09,1218.34
1398,29967.03,2306.11
1399,8583.95,1052.22
1400,38023.88,2215.27
1401,8583.95,1052.22
1402,13282.95,1427.2
1403,3035.49,445.98
1404,5067.0,651.81
1405,2927.8,434.83
1406,2276.35,305.57
1407,9694.33,1047.8
1408,47722.41,2929.42
1409,3000.72,446.28
1410,2927.8,434.83
1411,77549.06,3983.77
1412,44600.54,2848.92
1413,56134.06,3095.3
1414,38684.36,2701.85
1415,4600.26,621.04
1416,108526.68,5269.33
1417,37119.12,2295.33
1418,22386.17,2130.78
1419,17118.81,1686.52
1420,33026.86,2442.82
1421,2535.22,333.72
1422,90998.74,4418.25
1423,107748.13,5271.2
1424,16473.99,1472.37
1425,3641.7,505.58
1426,9893.5,1039.22
1427,12345.23,1116.95
1428,1862.41,251.78
1429,29983.72,1925.53
1430,90863.75,4318.15
1431,5310.76,789.34
1432,2348.94,310.05
1433,11032.69,1263.88
1434,2485.98,330.59
1435,25390.75,2312.42
1436,36366.13,2359.3
1437,17975.08,1503.73
1438,14772.26,1233.88
1439,8453.24,947.59
1440,25363.05,2134.61
1441,26557.07,1853.61
1442,16985.93,1398.64
1443,29580.47,1880.54
1444,85127.33,4326.52
1445,150520.94,6835.22
1446,46376.35,2829.86
1447,53200.8,2944.01
1448,9712.17,900.33
1449,108658.98,5289.12
1450,6217.81,664.01
1451,279037.38,11933.18
1452,6228.64,702.27
1453,42979.93,2452.24
1454,1716.65,252.27
1455,14025.32,1422.43
1456,1092.78,163.27
1457,20726.01,1476.89
1458,19071.58,1899.88
1459,20231.4,1495.95
1460,6151.65,794.88
1461,3070.22,455.17
1462,36418.08,2250.92
1463,61838.32,3183.09
1464,49247.29,2926.9
1465,91025.87,4644.71
1466,53541.92,3097.52
1467,7336.97,865.15
1468,83407.71,4139.29
1469,2409.21,389.31
1470,5265.94,604.35
1471,34745.83,2120.77
1472,5188.66,711.7
1473,88738.75,4446.77
1474,11952.5,1113.96
1475,93765.48,4957.04
1476,32555.47,2632.56
1477,11456.17,1006.04
1478,33990.45,2126.16
1479,132649.13,6395.47
1480,20474.84,1607.99
1481,34878.7,2178.83
1482,14688.84,1284.18
1483,34878.7,2178.83
1484,2153.15,346.55
1485,103388.59,4980.62
1486,47330.2,2676.32
1487,4471.58,611.1
1488,15025.06,1578.11
1489,31739.18,2503.26
1490,35750.21,2165.68
1491,32911.7,2457.72
1492,2876.82,458.81
1493,39284.08,2884.64
1494,10687.28,1152.28
1495,302021.84,13215.44
1496,23942.76,2283.8
1497,38524.3,2303.33
1498,19269.38,1650.38
1499,169149.81,7927.34
1500,82533.16,4257.13
1501,83688.46,4215.48
1502,30866.7,2148.74
1503,5279.76,617.97
1504,1672.26,241.78
1505,5144.28,658.45
1506,5414.72,687.79
1507,65713.98,3385.45
1508,322023.59,13366.09
1509,48664.74,2900.38
1510,106726.75,5232.12
1511,50491.25,2921.18
1512,12892.3,1505.53
1513,1467.91,206.98
1514,7384.94,793.4
1515,10817.64,1165.4
1516,1394.26,199.06
1517,215748.03,10372.67
1518,141001.16,6988.43
1519,3285.8,463.28
1520,7560.68,1004.86
1521,54419.65,2890.57
1522,3101.62,459.37
1523,79165.36,4654.78
1524,3275.9,476.33
1525,2562.3,395.05
1526,66957.18,3492.55
1527,19808.41,1504.05
1528,2078.04,277.57
1529,44498.21,2766.11
1530,52684.8,3143.73
1531,135120.91,6614.44
1532,32255.86,2179.1
1533,72904.2,4048.07
1534,121388.84,5804.62
1535,10648.85,1247.7
1536,25120.63,1890.24
1537,1830.53,293.44
1538,140844.98,6961.19
1539,1239.66,184.4
1540,68884.98,3736.24
1541,6894.02,924.99
1542,7364.1,993.44
1543,36614.92,2330.81
1544,24720.66,1843.16
1545,41941.16,2755.63
1546,205693.39,8657.53
1547,37980.23,2129.06
1548,4525.47,574.87
1549,72952.37,3805.31
1550,13841.81,1449.8
1551,9444.95,1219.88
1552,6185.09,893.58
1553,18987.99,1739.36
1554,3154.87,495.52
1555,13033.76,1342.64
1556,73503.35,4069.67
1557,7915.26,1027.66
1558,7534.35,947.22
1559,10580.59,1032.05
1560,6553.52,863.36
1561,11885.37,1333.32
1562,38691.35,2703.53
1563,24991.89,2448.65
1564,78692.68,4648.85
1565,24882.68,1806.69
1566,7770.57,1034.99
1567,48404.11,2707.3
1568,88603.95,4406.42
1569,36996.68,2271.26
1570,28989.4,2095.56
1571,19303.86,1549.8
1572,3213.42,444.0
1573,18405.45,1528.1
1574,7319.25,844.92
1575,35597.5,2295.64
1576,52647.88,2916.13
1577,1412.29,226.1
1578,17313.15,1720.4
1579,148476.73,6638.32
1580,181460.02,8198.2
1581,31926.32,2244.23
1582,31989.36,2538.51
1583,52647.88,2916.13
1584,1348.54,203.02
1585,1504.21,203.91
1586,178949.09,7820.71
1587,19504.94,1508.06
1588,300922.47,13159.68
1589,54672.94,2930.68
1590,19658.31,1960.15
1591,63032.3,3417.68
1592,11411.31,1139.84
1593,11154.8,1071.79
1594,6408.66,815.26
1595,6408.66,815.26
1596,94322.17,4516.34
1597,283880.47,13220.49
1598,44840.36,2559.47
1599,9737.89,1088.19
1600,120780.77,5607.43
1601,34785.45,2107.96
1602,114110.06,6042.08
1603,9160.3,977.47
1604,8708.38,855.58
1605,3105.47,410.1
1606,7198.82,833.5
1607,1636.81,218.92
1608,27500.21,2596.21
1609,15406.03,1642.96
1610,227094.55,10892.6
1611,55816.23,3048.61
1612,92901.06,4397.08
1613,220778.75,10071.64
1614,34377.17,2217.92
1615,5265.94,604.35
1616,59101.11,2998.81
1617,7178.73,912.33
1618,1342.8,209.15
1619,13592.35,1206.78
1620,3165.05,460.02
1621,1214.6,171.4
1622,11124.28,1139.0
1623,1463.91,204.28
1624,2110.61,289.21
1625,256265.34,11411.14
1626,25688.31,2392.43
1627,46995.52,2734.36
1628,4071.64,556.73
1629,113933.32,5346.79
1630,25681.07,1916.31
1631,44902.56,2579.11
1632,13294.81,1281.58
1633,83911.79,4197.12
1634,220819.14,10053.28
1635,14344.19,1273.6
1636,50998.91,2783.45
1637,10601.71,1137.59
1638,279223.13,11789.21
1639,3455.26,496.71
1640,8484.58,934.46
1641,37504.14,2185.72
1642,10690.19,994.21
1643,124108.67,5398.65
1644,116320.06,5336.32
1645,92754.0,4480.36
1646,8275.44,938.14
1647,23474.77,1736.71
1648,11556.87,1290.51
1649,257267.94,11522.08
1650,49444.62,3075.08
1651,12016.8,1305.2
1652,7725.84,846.69
1653,10772.99,1150.88
1654,39054.38,2335.82
1655,16063.37,1263.62
1656,2991.47,475.3
1657,17526.41,1524.6
1658,4163.86,589.48
1659,1981.37,253.25
1660,1110.62,161.14
1661,376008.59,15507.52
1662,1065.92,160.33
1663,26530.31,2072.42
1664,30997.17,2103.71
1665,1090.09,168.76
1666,276074.03,11821.41
1667,123721.3,5884.14
1668,6043.73,856.2
1669,6156.22,700.32
1670,1193.67,159.06
1671,4278.88,587.72
1672,4263.69,492.57
1673,44564.65,2763.27
1674,48380.47,2648.47
1675,34961.52,2214.41
1676,35063.82,2651.78
1677,728.25,126.51
1678,12973.97,1049.16
1679,12973.97,1049.16
1680,152472.44,7133.12
1681,35294.52,2276.23
1682,12374.72,1166.73
1683,1412.29,226.1
1684,49255.44,2887.87
1685,38376.91,2360.43
1686,23429.11,1869.04
1687,86684.48,4267.58
1688,46500.96,2639.0
1689,31939.2,2560.88
1690,56474.54,3358.69
1691,55761.52,3043.9
1692,25780.07,1930.56
1693,311737.47,14386.33
1694,14032.68,1369.83
1695,27099.56,2018.08
1696,10505.39,994.39
1697,2557.7,337.39
1698,49220.31,2856.38
1699,6185.41,793.56
1700,42274.5,3173.75
1701,200643.84,8615.5
1702,639.48,98.29
1703,2878.35,448.21
1704,14505.74,1528.36
1705,42528.92,3022.59
1706,201446.55,8699.2
1707,19458.01,1528.29
1708,2260.87,347.03
1709,3023.1,456.25
1710,15521.45,1540.03
1711,14912.65,1472.94
1712,79639.7,4315.23
1713,55613.19,3015.17
1714,40881.76,2850.75
1715,1239.53,181.77
1716,11098.05,1240.74
1717,25812.8,2409.86
1718,78172.71,4567.19
1719,87069.34,4541.82
1720,118846.63,5549.58
1721,221343.05,9358.44
1722,65122.12,3475.14
1723,5621.1,718.07
1724,8681.87,987.43
1725,51862.38,3058.58
1726,35744.85,2334.72
1727,84089.78,4109.28
1728,19627.24,1787.83
1729,15469.64,1474.01
1730,2504.4,328.18
1731,71472.57,3898.62
1732,8676.59,1003.22
1733,15084.53,1404.62
1734,3080.69,409.18
1735,38849.03,2714.68
1736,32795.3,2387.25
1737,10258.51,972.86
1738,6477.64,822.36
1739,3309.58,408.07
1740,47056.84,2693.51
1741,19901.48,1555.28
1742,46884.6,2561.74
1743,2415.95,280.08
1744,51463.61,2746.6
1745,7669.44,900.95
1746,28700.74,2131.69
1747,116448.1,5526.46
1748,99399.05,5836.86
1749,1092.78,163.27
1750,34695.03,2115.73
1751,91669.09,4488.29
1752,38888.66,2353.06
1753,301650.66,13196.12
1754,84386.13,4231.68
1755,14853.95,1591.81
1756,58496.58,2960.53
1757,2271.52,363.2
1758,6781.04,778.35
1759,20851.47,1544.7
1760,5556.82,851.71
1761,21309.33,1529.91
1762,33094.19,2197.52
1763,2872.56,449.49
1764,124806.63,5866.55
1765,40788.86,2962.47
1766,51923.1,2806.68
1767,7487.79,832.67
1768,7487.79,832.67
1769,182612.56,8335.51
1770,182555.5,8321.82
1771,5234.17,693.38
1772,28989.46,1960.05
1773,37621.28,2181.48
1774,3587.52,533.99
1775,1847.89,248.04
1776,29610.4,2254.75
1777,4441.54,603.32
1778,6867.39,912.18
1779,2151.79,291.21
1780,41965.11,2773.71
1781,544510.19,22884.21
1782,15626.99,1283.68
1783,48520.79,2850.88
1784,88845.97,4506.22
1785,88845.97,4506.22
1786,42161.25,2529.58
1787,160415.81,7134.31
1788,214300.7,9880.76
1789,77616.95,4524.05
1790,78728.87,4614.62
1791,19442.17,1914.54
1792,58740.41,2991.21
1793,8933.36,926.48
1794,7226.29,860.17
1795,91082.54,4309.71
1796,7085.87,941.63
1797,121895.25,5618.47
1798,16464.08,1359.52
1799,21692.63,1826.74
1800,2061.65,335.68
1801,31424.62,2008.85
1802,54368.06,2863.04
1803,40514.48,2845.9
1804,3417.61,427.45
1805,3016.47,400.26
1806,49918.93,2799.14
1807,3640.05,494.55
1808,2498.38,330.8
1809,3299.16,401.27
1810,3594.89,433.64
1811,1239.53,181.77
1812,124175.01,6008.5
1813,84849.59,4313.46
1814,14170.3,1394.99
1815,218578.08,10068.02
1816,82067.82,4082.21
1817,6978.29,861.96
1818,32374.87,2153.84
1819,4365.28,589.46
1820,115530.14,5282.93
1821,18728.1,1775.33
1822,11006.21,1244.84
1823,7487.79,832.67
1824,7487.79,832.67
1825,2208.43,292.07
1826,11770.84,1316.81
1827,23412.85,1713.13
1828,107038.3,5197.59
1829,63301.5,3481.66
1830,96772.68,4755.92
1831,108324.64,4725.92
1832,14764.8,1496.35
1833,163379.91,7470.4
1834,1302.12,185.78
1835,26516.04,2464.54
1836,80148.27,4022.68
1837,127768.86,5954.24
1838,9434.5,1104.25
1839,18201.48,1384.43
1840,16298.74,1359.59
1841,12834.72,1406.91
1842,7018.55,722.13
1843,47261.32,2650.83
1844,931.56,141.73
1845,2851.91,399.03
1846,2851.91,399.03
1847,2851.91,399.03
1848,2851.91,399.03
1849,2851.91,399.03
1850,32180.92,1922.14
1851,12559.0,1045.35
1852,27728.37,1944.36
1853,35184.89,2873.01
1854,9973.28,1284.15
1855,3088.38,496.39
1856,2932.25,435.23
1857,8606.47,993.43
1858,165534.11,7443.17
1859,8011.91,1068.66
1860,12559.0,1045.35
1861,76181.15,4414.95
1862,47967.81,2615.13
1863,48567.48,3062.85
1864,35145.36,2240.88
1865,12341.27,1404.48
1866,76628.79,4481.73
1867,10384.83,1134.01
1868,3060.86,443.32
1869,2392.34,316.8
1870,9592.72,1121.51
1871,79103.55,4310.89
1872,43089.96,2910.78
1873,22242.93,2234.22
1874,11808.59,1138.73
1875,21230.82,1558.44
1876,102206.64,5175.57
1877,20605.35,1630.51
1878,12453.39,1163.23
1879,2265.47,375.18
1880,2527.5,340.56
1881,36640.5,2270.49
1882,5435.32,724.31
1883,1849.05,245.19
1884,3343.35,437.32
1885,16937.76,1355.67
1886,19613.17,1765.07
1887,31650.87,2523.5
1888,355852.44,16127.25
1889,187474.61,9281.9
1890,1902.56,261.3
1891,113238.31,5068.37
1892,4278.47,627.97
1893,5312.67,658.94
1894,29993.56,2830.55
1895,2075.14,289.14
1896,19374.47,1957.26
1897,3059.49,443.19
1898,8190.5,1101.12
1899,32353.7,2256.84
1900,6798.16,879.47
1901,102819.25,5075.44
1902,52847.59,2857.29
1903,19079.59,1499.27
1904,105710.72,5110.13
1905,2415.9,396.02
1906,1412.29,226.1
1907,5500.2,683.68
1908,24493.98,2332.89
1909,139740.83,6868.44
1910,47698.2,2620.19
1911,2088.72,274.38
1912,41858.33,2492.56
1913,5298.04,731.38
1914,122714.95,6034.07
1915,81318.13,4037.84
1916,99801.86,5861.73
1917,2051.97,268.35
1918,6964.54,788.93
1919,5013.27,580.15
1920,1059.97,165.11
1921,54014.02,3180.34
1922,13551.3,1758.98
1923,122610.31,5562.85
1924,102272.09,5124.44
1925,20978.3,1658.72
1926,29849.8,2030.39
1927,74547.0,4229.45
1928,153862.69,7290.3
1929,315921.41,13192.48
1930,6141.34,879.52
1931,9135.48,961.64
1932,19303.86,1549.8
1933,1091.78,172.74
1934,10714.79,1059.36
1935,54388.33,3435.23
1936,22122.63,1575.11
1937,11616.84,1155.49
1938,71872.45,3748.71
1939,1358.47,213.82
1940,38167.91,2227.55
1941,1394.66,199.12
1942,18128.09,1516.2
1943,98287.47,5912.83
1944,7195.25,838.22
1945,68805.19,3667.43
1946,38841.64,2293.05
1947,2930.41,383.32
1948,38378.34,2282.32
1949,52042.61,2690.13
1950,50713.51,2879.83
1951,14131.29,1422.95
1952,219085.52,10178.4
1953,2469.23,303.39
1954,29642.04,2341.98
1955,9694.97,1238.02
1956,4045.58,537.6
1957,2261.42,309.16
1958,15410.2,1420.01
1959,7215.38,767.25
1960,32919.13,2240.29
1961,47010.26,2687.92
1962,3275.9,476.33
1963,107171.36,5199.99
1964,106851.33,6314.19
1965,14683.98,1766.91
1966,8811.9,1159.82
1967,99027.31,5809.3
1968,18133.79,1762.73
1969,4150.81,588.52
1970,48135.06,2696.73
1971,22651.76,1645.24
1972,33438.56,2298.03
1973,7372.62,863.67
1974,10228.41,1306.41
1975,7617.27,1036.87
1976,9978.04,1090.24
1977,4441.54,603.32
1978,8676.59,1003.22
1979,27332.9,2019.89
1980,3299.71,464.71
1981,4363.55,553.37
1982,3787.69,466.66
1983,3717.04,517.25
1984,214475.92,10091.18
1985,83981.74,4332.55
1986,10054.59,1143.69
1987,3911.11,582.16
1988,12350.37,1319.39
1989,3410.8,494.66
1990,200390.2,8689.64
1991,6323.88,710.33
1992,62665.95,3456.51
1993,6305.71,849.15
1994,19537.32,1533.54
1995,32464.38,2352.19
1996,12617.61,1621.0
1997,1566.45,219.48
1998,32090.04,2395.82
1999,5182.99,587.21
2000,125193.15,5729.75
2001,14636.21,1306.14
2002,15731.4,1378.68
2003,4278.52,569.9
2004,10647.52,998.03
2005,42222.74,2618.33
2006,12494.15,1340.09
2007,9781.73,1049.52
2008,2036.8,286.06
2009,4975.19,632.02
2010,2029.46,306.76
2011,60406.98,3079.07
2012,5476.16,597.84
2013,105547.5,5090.55
2014,9135.48,961.64
2015,15071.21,1389.2
2016,9929.51,1274.94
2017,1243.63,173.01
2018,862.4,129.73
2019,33609.14,2077.44
2020,1329.31,198.41
2021,25337.88,1959.71
2022,17507.74,1741.26
2023,536766.5,22332.87
2024,6435.29,837.76
2025,13649.09,1345.35
2026,107459.41,5239.06
2027,6387.98,929.16
2028,4829.28,670.43
2029,11131.89,977.41
2030,127639.01,5850.95
2031,11131.89,977.41
2032,13938.54,1196.02
2033,13938.54,1196.02
2034,2389.55,364.31
2035,122845.65,5857.93
2036,143873.64,7131.21
2037,27420.58,2161.88
2038,2087.6,281.6
2039,947.53,138.87
2040,862.4,129.73
2041,34664.18,2505.59
2042,21080.02,2027.74
2043,16222.61,1622.91
2044,11973.65,1192.52
2045,20092.92,1565.99
2046,16404.32,1571.57
2047,36058.58,2378.36
2048,30828.57,2392.05
2049,540953.38,22581.75
2050,6092.21,878.01
2051,14139.75,1253.5
2052,33930.47,2217.19
2053,7746.79,996.3
2054,154389.98,7392.43
2055,7471.14,946.24
2056,2996.79,418.34
2057,4829.79,708.73
2058,7507.04,836.91
2059,4633.4,630.95
2060,37526.25,3165.62
2061,27761.76,1900.03
2062,4565.09,512.1
2063,47814.19,2756.79
2064,98990.3,4771.77
2065,83411.8,4358.71
2066,8870.21,986.25
2067,14435.99,1360.86
2068,1073.88,163.75
2069,9893.5,1039.22
2070,17880.7,1624.44
2071,6068.43,873.73
2072,3455.08,506.33
2073,25987.66,1913.39
2074,50456.9,2638.7
2075,14398.34,1227.55
2076,111721.01,5550.15
2077,86684.48,4267.58
2078,94477.82,4910.92
2079,118805.44,5579.1
2080,59597.73,3602.14
2081,85599.21,4158.84
2082,8910.61,899.98
2083,68846.27,3627.25
2084,2964.33,436.09
2085,2276.35,305.57
2086,79857.16,4255.81
2087,355788.22,16186.64
2088,19085.04,1640.14
2089,54253.99,3135.62
2090,9097.36,990.08
2091,1579.11,208.11
2092,1360.52,198.56
2093,2992.72,509.65
2094,118109.38,6313.53
2095,5584.62,697.9
2096,111382.23,5432.18
2097,13462.87,1422.07
2098,60773.24,3127.57
2099,86926.66,4252.58
2100,49779.56,2844.6
2101,34832.98,2163.4
2102,6141.39,774.83
2103,129.31,22.76
2104,1151.23,170.89
2105,29650.13,2311.25
2106,46806.88,2614.47
2107,52770.93,3276.14
2108,22534.05,2131.25
2109,12709.0,1184.42
2110,47464.32,2627.28
2111,46176.06,2609.12
2112,8746.99,968.85
2113,33388.64,2210.0
2114,2075.14,289.14
2115,4787.53,620.01
2116,17505.49,1740.99
2117,7354.52,991.15
2118,3430.11,464.14
2119,3088.38,496.39
2120,2062.75,280.92
2121,11410.98,1139.79
2122,81611.93,4090.13
2123,50824.51,2922.13
2124,535.12,82.52
2125,53480.6,3123.33
2126,101706.86,4921.87
2127,60320.95,3124.77
2128,183148.48,8369.6
2129,18794.73,1452.46
2130,10136.58,1111.4
2131,35707.43,2605.0
2132,182894.45,8356.64
2133,5585.05,661.06
2134,36565.43,2262.32
2135,1239.53,181.77
2136,2687.96,417.15
2137,3088.38,496.39
2138,149915.16,6825.71
2139,20647.71,1671.86
2140,31494.3,2517.44
2141,12463.95,1335.74
2142,4261.52,560.35
2143,10253.71,1174.72
2144,6703.82,865.59
2145,537352.69,22541.69
2146,13495.33,1293.15
2147,23929.94,2282.54
2148,2233.01,317.97
2149,46895.3,2666.3
2150,46895.3,2666.3
2151,1637.81,219.04
2152,28972.96,1990.61
2153,281000.19,11995.39
2154,6166.48,815.73
2155,120572.73,5793.26
2156,16464.08,1359.52
2157,33346.91,2029.12
2158,8926.57,1028.23
2159,124291.08,6123.87
2160,1745.65,258.3
2161,7874.75,845.06
2162,2091.91,279.23
2163,8711.0,985.81
2164,15207.6,1835.79
2165,99060.82,4956.05
2166,32691.2,2164.41
2167,7198.82,833.5
2168,1745.65,258.3
2169,6675.31,864.6
2170,9978.67,975.38
2171,2957.31,467.1
2172,541993.56,23010.58
2173,7407.26,955.09
2174,81919.7,4036.77
2175,652.25,120.31
2176,3016.47,400.26
2177,4271.84,595.83
2178,29435.15,2105.16
2179,4360.25,501.56
2180,12607.28,1178.82
2181,38731.54,2701.66
2182,46421.18,2535.66
2183,16608.39,1391.75
2184,113615.3,5333.47
2185,4955.41,622.84
2186,23537.73,1781.48
2187,162589.19,7761.02
2188,73677.77,4125.4
2189,9170.21,1246.11
2190,12342.86,1299.72
2191,1399.41,208.72
2192,104643.14,5076.4
2193,5632.29,710.13
2194,4219.42,535.97
2195,90027.61,4299.92
2196,12471.76,1123.56
2197,11403.56,1221.46
2198,120235.36,5273.92
2199,21322.44,1837.53
2200,106366.39,5194.24
2201,18773.8,1707.14
2202,104338.32,5220.59
2203,226597.47,11024.54
2204,74328.27,4166.3
2205,2688.2,409.03
2206,12125.18,1286.96
2207,2164.76,292.54
2208,50988.56,2708.47
2209,2155.98,299.49
2210,3059.49,443.19
2211,14420.8,1509.78
2212,14420.8,1509.78
2213,18400.86,1616.39
2214,182163.0,8314.43
2215,2261.42,309.16
2216,18720.78,1611.05
2217,21635.53,1795.87
2218,1542.33,227.68
2219,16610.54,1464.34
2220,49755.1,2832.42
2221,67655.14,3559.18
2222,51987.29,3022.54
2223,53462.29,3127.89
2224,55203.43,3168.27
2225,48669.7,2713.85
2226,49399.18,2777.46
2227,3540.26,452.83
2228,33261.38,2054.1
2229,111782.61,5244.37
2230,10690.52,1013.34
2231,19607.73,1758.28
2232,8970.31,892.63
2233,2322.53,363.88
2234,7160.97,830.97
2235,19118.51,1486.64
2236,7160.97,830.97
2237,5769.62,726.97
2238,5268.94,699.89
2239,4801.15,560.76
2240,1193.67,159.06
2241,17924.84,1738.77
2242,19620.86,1567.05
2243,13014.12,1259.11
2244,5633.46,710.24
2245,182834.19,8197.56
2246,37578.75,2595.72
2247,118660.08,5567.97
2248,29378.08,1985.33
2249,206371.02,8733.07
2250,4322.02,579.55
2251,7188.3,851.28
2252,9712.17,900.33
2253,29490.24,2290.8
2254,95009.67,4612.0
2255,58652.51,3249.36
2256,115138.05,5391.03
2257,152704.23,7116.72
2258,156367.34,7191.69
2259,115501.91,5284.09
2260,1073.88,163.75
2261,27333.38,2161.0
2262,1239.53,181.77
2263,84117.32,4191.65
2264,280506.94,11927.32
2265,9625.36,1218.37
2266,4042.13,554.6
2267,4042.13,554.6
2268,7584.14,907.28
2269,6606.23,880.23
2270,6606.23,880.23
2271,2557.7,337.39
2272,23027.66,1772.7
2273,2211.53,289.07
2274,152634.95,7294.42
2275,4909.83,655.67
2276,1832.44,246.9
2277,100120.35,5897.17
2278,4674.44,586.03
2279,88716.27,4425.08
2280,7662.39,865.33
2281,38064.54,2455.08
2282,14501.36,1334.76
2283,25473.21,1807.36
2284,3668.46,468.87
2285,22054.8,1612.11
2286,3227.23,469.04
2287,6275.05,672.25
2288,1845.09,254.46
2289,7131.24,852.6
2290,45874.72,2661.03
2291,101588.44,4965.47
2292,3165.05,460.02
2293,14501.36,1334.76
2294,5229.55,727.72
2295,300917.56,13150.5
2296,36452.96,2255.11
2297,6685.71,848.08
2298,22053.95,1597.61
2299,18542.05,1466.64
2300,3676.64,568.87
2301,45988.16,2761.27
2302,73474.99,3716.2
2303,7170.82,811.7
2304,10966.81,1070.65
2305,98960.48,5760.95
2306,12495.06,1060.47
2307,1636.81,218.92
2308,2419.01,321.77
2309,135403.64,6537.52
2310,38414.67,2734.92
2311,223271.94,10863.2
2312,83460.16,4074.93
2313,3282.75,498.68
2314,3860.28,475.74
2315,10426.81,1108.55
2316,20628.82,1849.33
2317,151622.63,7052.03
2318,152377.67,7222.56
2319,16621.76,1515.72
2320,27768.09,2216.23
2321,6412.26,804.53
2322,46547.36,2483.23
2323,40542.25,2536.12
2324,359501.19,16415.47
2325,89531.01,4232.28
2326,35849.27,2348.22
2327,92055.82,4849.08
2328,103073.2,4901.6
2329,15998.22,1590.77
2330,9225.53,1006.81
2331,1752.37,270.15
2332,89531.01,4232.28
2333,639.48,98.29
2334,94199.34,4858.71
2335,18794.73,1452.46
2336,91019.48,4536.2
2337,14416.19,1713.52
2338,76757.55,4048.45
2339,105735.3,5406.58
2340,639.48,98.29
2341,2270.77,344.83
2342,9010.6,1171.62
2343,709.28,129.62
2344,709.28,129.62
2345,1394.66,199.12
2346,2876.82,458.81
2347,2499.59,331.08
2348,566.64,97.71
2349,3530.7,468.31
2350,56688.4,3214.18
2351,735.94,112.99
2352,11332.26,1464.97
2353,21838.99,1578.48
2354,15205.41,1620.9
2355,5152.01,705.1
2356,2984.08,456.71
2357,142292.95,6741.09
2358,102796.35,5147.76
2359,4831.47,608.94
2360,118642.52,5571.1
2361,12957.76,1365.36
2362,60655.41,3074.35
2363,4094.26,578.3
2364,42528.92,3022.59
2365,15284.23,1307.45
2366,81697.95,4020.81
2367,256007.05,11436.96
2368,120788.52,5675.06
2369,118034.26,6017.07
2370,22889.94,1866.94
2371,7407.26,955.09
2372,5335.87,738.19
2373,17710.6,1702.42
2374,42497.02,2385.64
2375,10109.11,1158.61
2376,8675.79,1080.44
2377,6907.13,918.86
2378,117706.95,5449.05
2379,3587.24,489.84
2380,6432.33,816.16
2381,80624.84,3942.29
2382,77196.61,4184.92
2383,3035.49,445.98
2384,23217.77,1912.73
2385,20094.44,1566.21
2386,56919.98,3196.69
2387,2401.29,317.95
2388,1745.65,258.3
2389,3104.34,422.5
2390,15394.97,1574.76
2391,107553.23,6252.04
2392,12528.37,1309.56
2393,90625.02,4510.96
2394,1744.66,258.06
2395,52351.11,3219.16
2396,3563.51,491.71
2397,3522.66,440.05
2398,112733.47,5270.88
2399,302514.88,13385.97
2400,2295.21,334.69
2401,18521.6,1452.94
2402,128415.92,6179.9
2403,103296.06,4954.15
2404,8460.79,920.97
2405,566.64,97.71
2406,1358.47,213.82
2407,93582.99,4922.95
2408,256380.45,11411.73
2409,91127.13,4589.57
2410,42700.48,2439.49
2411,75195.45,4325.94
2412,132554.64,6396.94
2413,11166.67,1237.28
2414,2075.14,289.14
2415,152588.45,7283.25
2416,90553.08,4259.71
2417,79656.57,3916.68
2418,94015.57,4226.15
2419,12882.34,1366.6
2420,77567.09,4527.58
2421,134142.61,6561.94
2422,54140.36,3111.3
2423,28832.14,1930.49
2424,6302.05,802.22
2425,2587.2,349.42
2426,24660.21,1759.17
2427,35243.19,2518.44
2428,16697.73,1768.86
2429,53339.39,3323.06
2430,53403.48,3328.19
2431,111556.92,5463.11
2432,39071.08,2906.58
2433,3285.44,461.29
2434,117257.9,5459.07
2435,120485.66,5826.92
2436,139237.14,6835.94
2437,20627.82,1772.64
2438,866.96,157.72
2439,39773.35,2421.44
2440,2415.95,280.08
2441,24813.95,1776.38
2442,83383.57,4127.74
2443,5298.04,731.38
2444,111629.36,5551.45
2445,2740.77,425.99
2446,322472.69,15296.1
2447,112883.43,6412.49
2448,102845.28,4909.32
2449,93510.91,4429.63
2450,3119.87,480.54
2451,162053.28,7690.08
2452,39846.7,2762.58
2453,77428.24,4513.6
2454,30153.96,2106.88
2455,98648.74,4869.69
2456,46895.3,2666.3
2457,139281.23,6335.45
2458,3655.32,495.55
2459,95175.8,5605.73
2460,6585.35,873.99
2461,3646.34,496.06
2462,48579.44,2826.47
2463,160904.59,7595.24
2464,16852.23,1527.8
2465,90783.7,4621.23
2466,32375.6,2146.96
2467,34231.83,2091.0
2468,85124.84,4351.91
2469,36242.64,2615.92
2470,47151.99,2636.74
2471,1394.66,199.12
2472,34875.06,2472.99
2473,3977.98,493.59
2474,39135.34,2745.02
2475,51617.38,3030.31
2476,74446.63,4191.7
2477,1251.68,174.46
2478,8551.74,1054.38
2479,87402.91,4354.83
2480,17499.47,1453.44
2481,24934.09,1876.42
2482,126933.57,5742.5
2483,45765.45,2496.23
2484,12345.23,1116.95
2485,6713.37,859.98
2486,142613.84,7036.99
2487,257333.44,11535.8
2488,34448.75,2100.14
2489,121746.38,5849.57
2490,21371.47,2149.09
2491,13499.21,1192.14
2492,34964.93,2110.66
2493,42060.59,2956.6
2494,2205.19,309.08
2495,164578.59,7737.37
2496,22016.58,1599.56
2497,29101.94,2074.41
2498,11108.38,1178.51
2499,25834.63,1905.33
2500,20111.95,1833.16
2501,10613.24,1260.16
2502,91151.41,4557.0
2503,7954.39,871.17
2504,34000.05,2538.21
2505,79095.38,4226.92
2506,277069.59,11998.63
2507,34477.64,2139.72
2508,47049.72,2938.34
2509,67141.83,3501.04
2510,24010.11,1807.4
2511,4212.34,586.66
2512,13233.58,1325.18
2513,120870.9,5790.93
2514,2929.24,434.96
2515,16803.88,1701.22
2516,24947.35,2167.66
2517,17787.95,1634.15
2518,3888.4,508.4
2519,1902.56,261.3
2520,43531.35,2630.02
2521,3231.06,448.24
2522,108724.91,5533.63
2523,3035.49,445.98
2524,11383.28,1181.31
2525,36461.42,2685.1
2526,21786.9,1675.67
2527,32720.69,2203.64
2528,103862.62,6133.5
2529,6250.51,773.37
2530,13012.12,1041.51
2531,1675.21,262.46
2532,113560.46,6462.53
2533,12534.68,1165.51
2534,1745.65,258.3
2535,1588.7,235.19
2536,19527.1,1526.13
2537,21442.87,2067.02
2538,76159.52,4375.5
2539,7198.82,833.5
2540,18043.89,1725.89
2541,4561.53,623.1
2542,4259.88,536.2
2543,252000.59,11286.92
2544,90236.59,4350.3
2545,10329.18,1136.33
2546,22630.58,1642.78
2547,49637.1,2838.3
2548,6527.22,813.13
2549,31399.38,2498.64
2550,2075.14,289.14
2551,3705.82,509.13
2552,49504.16,2819.16
2553,74489.99,4200.77
2554,6585.63,855.58
2555,5131.97,607.43
2556,2527.7,293.89
2557,11483.98,1019.43
2558,274099.88,11563.01
2559,999.59,144.92
2560,18107.32,1669.31
2561,42439.18,2555.15
2562,3035.49,445.98
2563,23384.67,2016.76
2564,5771.3,652.89
2565,9699.24,1048.1
2566,33165.78,2271.37
2567,33324.21,2654.68
2568,13438.94,1242.99
2569,12253.45,1323.77
2570,23263.6,2003.8
2571,35474.58,2559.32
2572,94427.68,4531.54
2573,25928.77,2083.9
2574,38715.45,2277.87
2575,2381.61,314.75
2576,14223.4,1464.08
2577,20080.0,1806.35
2578,58259.79,4020.6
2579,10747.02,1227.71
2580,28304.42,2666.08
2581,131640.39,5718.73
2582,20015.87,1722.14
2583,10647.52,998.03
2584,2976.23,493.09
2585,13333.99,1708.51
2586,221710.38,10339.54
2587,3777.01,549.23
2588,17412.99,1458.02
2589,121999.26,5970.09
2590,1312.02,184.27
2591,922.74,134.39
2592,1112.5,164.74
2593,273413.03,11553.17
2594,17067.33,1381.63
2595,183023.94,8495.54
2596,45493.62,2491.27
2597,9143.88,1000.56
2598,99900.97,5035.68
2599,1446.96,238.58
2600,9143.88,1000.56
2601,1796.98,280.85
2602,154034.72,7293.12
2603,21979.23,1590.15
2604,4271.08,545.56
2605,2265.47,375.18
2606,5124.96,700.23
2607,8307.03,814.35
2608,3343.35,437.32
2609,7954.82,865.01
2610,116692.2,5452.69
2611,139316.5,6590.2
2612,17190.92,1374.82
2613,284534.06,13080.51
2614,3893.24,535.34
2615,76420.25,4483.82
2616,109736.02,6416.79
2617,117019.47,5427.82
2618,29957.98,2315.0
2619,84510.7,4248.22
2620,114509.5,5133.94
2621,102851.13,4917.63
2622,29763.24,2027.79
2623,17208.57,1415.08
2624,31315.22,2357.33
2625,25083.37,1819.47
2626,11154.8,1071.79
2627,98775.37,4914.3
2628,115129.6,5732.28
2629,6957.83,907.67
2630,2261.42,309.16
2631,20437.65,1621.45
2632,2670.8,404.18
2633,46085.96,2975.26
2634,112979.27,5891.53
2635,53782.3,3143.91
2636,3790.1,526.18
2637,284450.97,11856.32
2638,30479.4,2125.3
2639,98610.16,5206.56
2640,626.89,97.38
2641,388971.38,16646.04
2642,10751.92,1052.16
2643,71455.45,3574.93
2644,10751.92,1052.16
2645,31799.31,2309.9
2646,38230.83,2223.24
2647,33420.96,2001.8
2648,299739.28,12992.24
2649,14343.5,1285.84
2650,1672.26,241.78
2651,2581.32,338.67
2652,2233.01,317.97
2653,7286.96,980.73
2654,56160.0,3003.5
2655,147937.81,7151.14
2656,103051.73,5172.31
2657,7485.54,939.86
2658,18272.9,1436.21
2659,47480.64,2791.03
2660,47952.63,2837.51
2661,6224.43,738.52
2662,37178.71,3089.41
2663,11154.8,1071.79
2664,6905.13,894.53
2665,4748.56,653.37
2666,150712.23,7081.23
2667,21719.49,1563.37
2668,46822.21,2662.04
2669,17851.2,1701.82
2670,6169.37,769.54
2671,19330.69,1532.16
2672,126162.22,5759.04
2673,50358.1,2660.98
2674,2209.73,307.11
2675,2036.8,286.06
2676,71461.37,3931.68
2677,2276.35,305.57
2678,109143.73,5545.84
2679,23036.24,2096.69
2680,3309.58,408.07
2681,3500.18,447.99
2682,153935.7,7390.08
2683,1048.38,159.75
2684,5570.94,659.92
2685,37705.33,2273.17
2686,116206.62,5326.41
2687,152933.61,7227.56
2688,280886.34,11960.87
2689,11481.57,1092.79
2690,120564.94,5779.01
2691,7435.5,831.28
2692,66589.9,3857.37
2693,11825.89,1367.44
2694,58572.3,3084.73
2695,46868.28,2985.52
2696,172731.81,8215.25
2697,5804.69,734.33
2698,18426.48,1969.53
2699,92885.79,4614.38
2700,111040.22,5415.54
2701,51384.57,2937.05
2702,117930.82,5692.26
2703,8319.06,952.09
2704,24441.08,2373.52
2705,80759.44,4766.43
2706,80759.44,4766.43
2707,15410.38,1555.56
2708,22110.34,1696.31
2709,115882.9,5755.73
2710,58311.39,3198.19
2711,10302.06,1321.38
2712,36310.47,2416.92
2713,46161.1,2623.15
2714,47241.28,2598.03
2715,4554.65,622.64
2716,12709.0,1184.42
2717,48156.7,2849.31
2718,46146.65,2797.19
2719,48070.8,3396.78
2720,11154.8,1071.79
2721,21218.81,2197.28
2722,100199.2,5794.28
2723,1394.26,199.06
2724,1051.44,176.32
2725,116340.35,5334.97
2726,141174.28,6983.9
2727,152479.48,7113.61
2728,33542.96,2046.11
2729,23722.29,1795.65
2730,48368.63,2728.24
2731,1230.37,182.17
2732,54849.86,2902.96
2733,3373.25,420.2
2734,2867.61,418.73
2735,22352.61,1686.41
2736,1771.01,253.29
2737,120157.98,5247.64
2738,9143.88,1000.56
2739,112727.11,5014.13
2740,36275.3,2229.21
2741,113204.21,5047.68
2742,8685.65,941.64
2743,3597.12,538.99
2744,10967.29,1102.5
2745,119293.4,5589.42
2746,122851.3,5849.22
2747,15696.88,1336.14
2748,183271.63,8257.81
2749,14122.51,1413.06
2750,38106.87,2490.25
2751,119393.8,5679.06
2752,110737.23,4925.35
2753,122710.75,5886.1
2754,17724.2,1503.72
2755,16137.46,1335.17
2756,708.07,129.33
2757,278836.91,11897.67
2758,128766.58,6230.31
2759,9665.95,1028.9
2760,107109.09,5235.41
2761,90703.59,4376.15
2762,88910.61,4196.14
2763,41623.68,3001.63
2764,8653.92,944.59
2765,115793.64,5272.22
2766,113968.38,5124.47
2767,17330.16,1715.61
2768,35337.96,2532.08
2769,161042.44,7612.88
2770,17125.23,1406.75
2771,25940.11,2023.45
2772,1527.24,222.7
2773,116992.63,5406.7
2774,10751.92,1052.16
2775,7364.29,987.69
2776,12259.66,1384.9
2777,30548.19,2363.55
2778,256831.17,11451.51
2779,37798.2,2719.02
2780,24340.25,1706.11
2781,541823.94,22694.35
2782,151430.28,7122.76
2783,22711.59,1797.94
2784,14280.32,1334.59
2785,25295.04,1920.46
2786,3175.06,417.98
2787,116730.06,5390.95
2788,126235.63,5785.86
2789,114929.5,5197.96
2790,23110.41,1748.47
2791,16087.62,1614.08
2792,1394.26,199.06
2793,51705.43,2792.37
2794,12107.74,1388.61
2795,3582.01,480.63
2796,652.25,120.31
2797,1725.49,241.09
2798,5217.64,693.92
2799,114357.32,5233.46
2800,17578.4,1712.56
2801,17400.58,1639.35
2802,96040.83,4692.21
2803,316155.16,14836.33
2804,31681.85,2482.35
2805,942.6,145.26
2806,122908.22,6080.46
2807,5308.06,811.8
2808,124523.33,6020.53
2809,27072.52,2554.95
2810,3052.23,450.32
2811,2104.82,276.7
2812,25491.08,1788.52
2813,38238.31,2450.84
2814,1485.7,217.83
2815,3052.23,450.32
2816,153882.0,7471.87
2817,158290.86,7553.78
2818,150615.34,7042.54
2819,877.84,133.9
2820,126439.7,5856.94
2821,6876.0,888.64
2822,5687.58,668.59
2823,543151.5,22762.9
2824,117455.31,5477.11
2825,1223.65,174.6
2826,108876.52,5497.1
2827,207935.7,9687.36
2828,126287.84,5512.53
2829,34329.78,2102.28
2830,156414.52,7374.77
2831,10971.54,1102.78
2832,49574.71,2828.99
2833,37405.97,2658.83
2834,103704.3,5307.01
2835,39239.2,2422.64
2836,87384.62,5496.93
2837,17612.8,1467.57
2838,30236.9,1944.14
2839,419.16,72.3
2840,14684.34,1553.22
2841,17738.47,1727.44
2842,20095.95,1863.32
2843,947.53,138.87
2844,1995.06,264.58
2845,41172.05,2812.76
2846,40924.83,2844.48
2847,151408.08,7124.26
2848,2233.01,317.97
2849,9050.68,1203.74
2850,574.41,99.79
2851,120207.59,5804.78
2852,52970.72,2799.21
2853,115011.1,5192.58
2854,3447.84,457.81
2855,152503.33,7241.29
2856,125606.55,5682.77
2857,61603.62,3282.93
2858,11501.67,1089.75
2859,28615.09,2202.6
2860,30328.5,2342.29
2861,1455.95,207.94
2862,5793.35,698.02
2863,15083.16,1556.47
2864,15736.94,1668.5
2865,23145.21,2246.33
2866,18279.4,1784.43
2867,16324.65,1374.15
2868,53874.68,3146.9
2869,102150.5,4905.15
2870,148665.89,6862.01
2871,2947.95,395.03
2872,8326.18,929.07
2873,16214.81,1700.5
2874,2820.94,437.39
2875,540697.81,22583.71
2876,113204.21,5047.68
2877,13448.18,1343.13
2878,12273.91,1325.49
2879,5835.23,706.09
2880,151054.7,7107.84
2881,86684.48,4267.58
2882,33472.84,2667.27
2883,31499.48,2088.5
2884,17880.15,1894.3
2885,32958.81,2237.93
2886,17497.31,1908.06
2887,2065.94,288.04
2888,99051.19,4976.83
2889,4674.68,569.18
2890,38604.01,2747.67
2891,5437.57,632.62
2892,30402.48,2010.78
2893,23897.33,1669.65
2894,29900.51,2207.23
2895,109967.1,5637.39
2896,153662.08,6951.21
2897,56526.21,3133.93
2898,12020.27,1341.8
2899,151819.81,7051.08
2900,25585.06,1788.19
2901,92814.25,4645.04
2902,29550.22,1960.42
2903,111641.45,5451.99
2904,8944.42,980.97
2905,121106.8,5805.23
2906,8209.56,1152.07
2907,13668.81,1236.17
2908,10963.33,1424.62
2909,12818.83,1164.55
2910,17363.28,1480.4
2911,150678.45,7052.1
2912,7580.79,821.52
2913,114009.9,6512.65
2914,23684.62,1654.63
2915,283029.38,13094.07
2916,16758.76,1696.24
2917,152278.67,7222.03
2918,114270.05,5675.76
2919,1456.77,211.42
2920,22251.59,1522.53
2921,107326.5,5224.02
2922,111289.86,5511.54
2923,1768.53,230.84
2924,79561.59,3903.75
2925,36447.98,2452.29
2926,2087.6,281.6
2927,89406.62,4287.0
2928,8079.51,1084.65
2929,8073.62,1083.8
2930,65881.55,3561.79
2931,90654.53,4594.74
2932,2482.86,333.27
2933,16532.88,1367.78
2934,1068.44,163.7
2935,1068.44,163.7
2936,3542.47,469.5
2937,43058.98,2405.1
2938,244635.53,11600.43
2939,34681.75,2799.94
2940,10453.09,1343.76
2941,9982.67,1153.02
2942,152480.69,7282.98
2943,54993.55,3361.94
2944,79629.74,4250.54
2945,103741.9,6000.77
2946,37958.99,2547.65
2947,15938.09,1489.21
2948,50031.47,2887.89
2949,151500.91,7018.7
2950,6250.51,773.37
2951,29114.96,2750.6
2952,23098.08,2119.7
2953,34978.07,2857.55
2954,42998.26,2638.62
2955,39300.73,2789.38
2956,134312.31,6084.97
2957,1455.95,207.94
2958,1630.43,214.88
2959,92966.1,4412.69
2960,150783.36,7089.45
2961,35035.03,2860.11
