id,min_distance_to_school(m),min_duration_to_school(s)
1,1220.5,278.76
2,387.72,59.5
3,799.48,131.54
4,233.02,27.96
5,911.0,126.65
6,3560.64,311.65
7,802.76,118.62
8,117.81,17.15
9,606.75,78.85
10,322.85,36.11
11,2517.11,250.88
12,219.44,40.71
13,548.46,99.62
14,327.16,23.55
15,657.18,104.22
16,13785.65,1074.89
17,605.02,82.09
18,2016.71,170.79
19,213.8,51.31
20,860.75,129.7
21,483.75,56.77
22,860.75,129.7
23,2680.99,291.08
24,1827.62,243.98
25,1201.27,138.44
26,1015.5,91.26
27,873.37,141.37
28,1183.23,158.72
29,1039.26,146.02
30,351.75,49.49
31,703.11,111.8
32,884.44,98.0
33,1238.77,172.73
34,878.68,115.59
35,1914.76,236.23
36,1056.94,152.83
37,1143.18,224.79
38,1460.39,152.76
39,959.9,120.87
40,856.76,126.27
41,739.28,128.91
42,1131.3,123.91
43,577.18,128.76
44,1263.36,162.74
45,420.27,53.68
46,513.0,95.64
47,826.08,188.35
48,900.45,90.11
49,1247.7,177.87
50,1728.27,245.38
51,1056.94,152.83
52,755.96,151.3
53,318.63,33.2
54,1457.7,180.25
55,820.7,112.75
56,1632.69,204.2
57,220.18,31.7
58,1447.46,136.03
59,1445.96,135.67
60,1546.27,195.47
61,789.06,163.16
62,734.48,138.28
63,508.5,92.57
64,803.7,130.16
65,502.05,65.92
66,687.73,100.63
67,3805.35,446.53
68,1271.61,243.72
69,5818.45,653.79
70,351.93,84.46
71,295.36,54.99
72,901.99,124.99
73,769.13,95.96
74,598.09,91.14
75,253.61,45.65
76,1805.49,177.27
77,414.73,61.39
78,375.93,74.73
79,709.48,106.74
80,668.63,99.9
81,547.33,64.23
82,626.32,105.97
83,280.95,61.19
84,1081.19,146.83
85,257.53,45.27
86,1586.95,199.61
87,585.59,82.3
88,904.68,152.99
89,832.29,132.29
90,444.44,66.86
91,220.71,52.96
92,639.4,129.86
93,842.88,98.74
94,1577.73,149.47
95,1976.35,203.86
96,5771.29,648.14
97,674.38,80.56
98,773.86,127.43
99,4734.67,441.34
100,7227.44,736.43
101,875.54,91.88
102,1731.83,237.56
103,854.16,137.74
104,348.34,62.99
105,581.25,78.04
106,559.68,84.1
107,1934.43,179.13
108,734.0,83.19
109,538.19,72.15
110,1230.8,187.67
111,1892.32,242.77
112,2808.85,291.59
113,1063.37,155.76
114,217.92,36.24
115,831.93,117.65
116,1224.59,160.21
117,840.79,102.39
118,843.54,109.8
119,1354.8,163.09
120,957.44,82.67
121,862.94,67.0
122,1280.42,230.93
123,1154.69,138.57
124,424.23,61.33
125,813.12,177.62
126,427.28,63.14
127,665.2,55.13
128,927.48,143.02
129,1095.56,160.34
130,4298.84,457.7
131,332.72,66.58
132,1493.52,168.64
133,620.59,83.46
134,948.77,133.35
135,1581.21,155.83
136,2079.61,248.19
137,387.74,64.26
138,814.63,102.92
139,542.72,81.92
140,1542.97,155.76
141,929.86,89.89
142,2514.09,259.52
143,1794.45,205.08
144,961.97,138.33
145,1548.16,174.78
146,511.52,76.11
147,1045.71,156.93
148,605.74,78.18
149,835.95,120.09
150,918.56,212.8
151,459.31,77.94
152,992.67,144.85
153,848.35,82.35
154,1346.98,209.81
155,2094.63,196.16
156,873.79,96.2
157,320.28,25.62
158,430.04,73.58
159,937.51,92.0
160,466.13,48.29
161,537.51,94.63
162,810.16,106.66
163,945.47,120.53
164,212.9,23.68
165,112.43,15.78
166,791.7,80.77
167,875.0,91.7
168,1084.2,195.02
169,747.08,129.37
170,2132.53,270.1
171,1311.78,150.4
172,1811.53,245.64
173,2485.26,414.38
174,991.7,119.77
175,828.41,119.16
176,646.66,71.1
177,3541.64,372.64
178,969.55,185.17
179,1546.25,198.39
180,456.87,53.21
181,601.64,70.63
182,2254.49,529.54
183,263.06,39.75
184,202.37,48.57
185,708.61,134.74
186,517.04,108.8
187,842.58,126.88
188,460.56,108.32
189,1770.75,197.99
190,2427.93,200.16
191,645.56,117.72
192,671.29,109.7
193,371.77,45.62
194,710.15,57.82
195,290.77,43.3
196,2381.45,297.97
197,1008.17,127.16
198,925.72,152.05
199,2882.92,307.81
200,5521.3,594.88
201,760.42,97.15
202,695.24,144.4
203,480.65,60.6
204,480.65,60.6
205,597.41,75.28
206,829.31,165.3
207,1352.3,172.04
208,1067.51,129.66
209,1599.75,201.75
210,1416.47,136.06
211,195.56,43.13
212,734.59,128.78
213,531.7,94.77
214,1558.63,182.19
215,508.37,82.36
216,1006.07,163.8
217,958.94,81.0
218,831.92,184.95
219,828.67,84.68
220,6946.5,633.7
221,169.54,24.23
222,1161.96,165.88
223,871.61,128.49
224,376.86,46.87
225,201.91,32.91
226,1288.52,186.29
227,1303.6,199.57
228,991.13,101.71
229,754.21,101.93
230,1907.15,204.13
231,1669.08,251.52
232,3781.06,343.54
233,1269.95,160.58
234,455.32,93.84
235,1261.14,182.87
236,700.77,128.74
237,498.68,74.17
238,2301.38,285.48
239,780.52,124.95
240,1209.01,253.03
241,703.63,112.41
242,1177.46,140.1
243,195.69,18.2
244,429.92,63.12
245,1528.15,243.76
246,691.63,95.25
247,385.81,53.97
248,701.92,59.14
249,507.59,93.36
250,1775.73,200.94
251,584.96,102.28
252,892.18,89.46
253,665.92,128.69
254,711.75,142.79
255,498.87,35.92
256,695.89,83.5
257,492.77,58.97
258,646.46,51.06
259,453.8,99.6
260,641.06,91.07
261,4688.9,556.68
262,534.9,128.37
263,5196.6,479.74
264,339.14,58.3
265,959.49,108.4
266,561.87,70.43
267,825.43,169.91
268,3266.4,313.71
269,369.47,88.67
270,845.11,87.21
271,1586.98,166.85
272,485.01,79.9
273,595.74,70.52
274,456.12,84.36
275,336.16,43.02
276,144.48,18.24
277,471.04,57.56
278,1274.22,163.9
279,1137.74,177.74
280,1068.78,185.49
281,663.43,91.89
282,476.95,89.98
283,617.83,140.52
284,1044.89,140.2
285,7757.64,539.62
286,1097.29,104.3
287,2280.99,227.24
288,802.14,163.85
289,2119.58,255.15
290,475.04,65.47
291,2542.26,338.53
292,647.35,87.2
293,2154.84,298.73
294,222.79,38.72
295,1130.16,126.15
296,676.62,95.54
297,520.33,130.26
298,688.71,140.21
299,2498.62,252.77
300,330.36,21.62
301,412.62,74.94
302,703.28,67.29
303,2828.5,408.82
304,361.13,63.54
305,3403.59,438.23
306,865.16,207.63
307,572.67,92.42
308,707.28,137.03
309,376.83,90.44
310,352.32,52.9
311,2706.56,362.14
312,646.45,123.63
313,818.55,130.77
314,13226.49,589.49
315,712.82,142.27
316,1104.25,144.66
317,611.38,82.85
318,547.86,121.31
319,1705.32,234.74
320,823.73,116.31
321,524.74,70.1
322,276.18,66.28
323,686.16,106.41
324,707.4,94.97
325,1299.67,195.57
326,775.93,118.37
327,1486.48,191.65
328,813.76,165.63
329,743.25,115.35
330,5.97,0.43
331,503.94,75.99
332,364.74,63.57
333,1059.9,124.94
334,2192.02,339.16
335,640.56,95.51
336,1272.24,163.02
337,674.42,112.37
338,532.8,91.47
339,502.49,67.75
340,3049.92,292.64
341,1705.7,239.97
342,320.53,60.89
343,253.67,60.88
344,932.99,184.7
345,88.62,10.51
346,2602.14,228.98
347,1746.77,279.81
348,461.51,57.57
349,533.96,113.71
350,365.19,61.39
351,1126.79,241.43
352,1588.17,173.45
353,466.78,75.76
354,923.07,136.62
355,675.24,98.73
356,1303.49,198.78
357,385.11,63.01
358,696.54,88.36
359,745.13,138.05
360,1270.99,190.6
361,574.54,105.71
362,855.85,103.68
363,677.92,90.35
364,1331.7,197.9
365,698.32,119.25
366,1386.51,162.59
367,898.44,103.03
368,1772.48,190.62
369,271.08,65.06
370,1341.71,192.84
371,543.2,115.92
372,1111.75,141.26
373,720.53,116.28
374,783.34,109.89
375,2834.37,291.68
376,3346.29,326.4
377,1763.93,156.75
378,880.25,137.6
379,1736.74,276.77
380,1420.49,216.13
381,395.31,42.43
382,754.29,142.0
383,1415.62,237.92
384,3269.11,358.18
385,2165.92,259.06
386,835.75,79.26
387,599.67,96.29
388,926.49,114.97
389,2355.58,308.23
390,595.74,70.52
391,1337.1,152.62
392,602.5,84.62
393,58.61,10.55
394,1591.61,228.15
395,799.87,123.69
396,514.23,123.41
397,1454.68,130.3
398,600.12,133.96
399,580.84,111.81
400,168.54,36.1
401,203.12,48.74
402,759.02,54.65
403,1070.35,135.44
404,224.79,40.56
405,2662.97,259.81
406,311.91,61.8
407,721.08,162.17
408,2325.29,268.23
409,661.21,93.71
410,820.73,79.38
411,243.21,36.54
412,1711.19,189.09
413,869.06,197.4
414,2865.11,325.18
415,958.28,106.36
416,374.27,60.86
417,444.54,90.52
418,757.59,120.65
419,3426.9,417.71
420,1059.85,157.14
421,429.02,69.45
422,3331.83,366.85
423,3644.08,406.26
424,1384.25,157.75
425,585.98,78.4
426,895.75,123.23
427,777.8,118.71
428,582.17,107.63
429,716.17,144.72
430,370.59,54.01
431,275.42,59.92
432,309.52,50.2
433,1247.75,172.71
434,1569.97,194.49
435,945.95,149.18
436,651.29,104.07
437,808.2,121.33
438,1904.33,296.74
439,546.18,74.02
440,3644.08,406.26
441,734.95,102.73
442,1919.95,235.98
443,2535.92,277.02
444,436.72,89.57
445,1068.62,137.88
446,1068.62,137.88
447,883.38,123.32
448,839.41,121.31
449,699.17,156.76
450,1242.51,162.07
451,950.24,189.47
452,1256.96,141.15
453,976.56,136.18
454,399.66,63.02
455,1016.48,153.48
456,836.62,85.44
457,585.37,53.95
458,597.02,68.72
459,658.35,110.81
460,592.73,136.38
461,28.31,3.4
462,637.41,99.18
463,707.85,87.5
464,2822.06,308.77
465,657.18,104.22
466,160.87,25.53
467,185.85,37.98
468,2876.08,292.73
469,1143.49,135.21
470,177.65,32.21
471,975.51,169.48
472,835.95,120.09
473,1219.78,220.2
474,315.8,49.38
475,842.18,140.71
476,5798.3,673.33
477,760.17,111.97
478,1638.2,223.77
479,894.2,139.56
480,268.58,41.42
481,663.24,79.02
482,4674.88,446.78
483,257.8,43.36
484,553.34,71.58
485,1810.14,196.9
486,915.36,133.42
487,650.91,82.87
488,1002.44,147.56
489,708.17,146.46
490,2193.64,232.85
491,613.66,51.72
492,897.54,126.64
493,2838.84,291.25
494,553.34,71.58
495,1144.67,183.59
496,480.65,60.6
497,782.97,78.07
498,582.34,139.75
499,367.28,51.78
500,937.89,136.77
501,164.04,39.37
502,834.37,118.48
503,2608.47,299.96
504,378.2,84.55
505,1067.49,138.76
506,1142.0,125.83
507,650.91,82.87
508,290.09,34.81
509,174.63,26.8
510,1119.52,136.91
511,231.23,41.62
512,2664.66,350.13
513,355.01,65.99
514,1187.1,181.28
515,436.19,52.51
516,2624.92,276.57
517,383.82,59.2
518,834.37,118.48
519,810.92,125.2
520,1074.49,107.75
521,792.82,121.48
522,529.41,95.92
523,529.08,95.84
524,893.41,95.18
525,1527.31,196.07
526,1684.0,244.36
527,765.33,143.9
528,1315.43,249.64
529,374.17,66.61
530,165.93,28.23
531,848.71,69.82
532,878.26,178.91
533,950.8,133.35
534,437.66,81.55
535,387.43,58.19
536,960.66,138.05
537,625.27,84.02
538,1459.28,286.15
539,2205.72,313.08
540,336.0,60.49
541,862.21,140.29
542,594.75,96.74
543,803.06,155.03
544,2312.0,286.37
545,414.32,59.81
546,598.09,91.14
547,1262.63,103.74
548,2258.47,270.69
549,404.25,72.25
550,780.34,105.69
551,614.5,82.38
552,617.48,99.28
553,1791.63,161.78
554,860.94,150.09
555,393.9,68.46
556,842.68,120.52
557,1444.84,165.07
558,780.34,105.69
559,887.65,121.86
560,1856.11,184.27
561,413.15,72.69
562,350.18,73.57
563,1315.46,208.93
564,317.13,36.64
565,780.34,105.69
566,1114.6,137.68
567,524.49,103.96
568,1224.65,179.36
569,1944.42,228.1
570,1199.18,159.21
571,1136.14,195.63
572,292.6,25.52
573,146.31,32.39
574,1015.06,132.28
575,755.9,118.84
576,509.5,97.31
577,560.88,62.84
578,595.46,78.82
579,1933.52,404.52
580,583.4,91.02
581,537.2,45.81
582,2828.34,369.27
583,1643.94,199.76
584,467.8,67.03
585,1182.52,115.77
586,895.41,150.74
587,2066.57,287.07
588,916.92,215.04
589,2258.67,285.13
590,311.04,37.66
591,1268.45,186.41
592,429.92,63.12
593,2863.23,402.18
594,2272.05,229.09
595,2159.73,337.05
596,834.3,111.85
597,1031.28,101.91
598,840.92,121.53
599,1081.19,146.83
600,1091.5,141.66
601,2093.62,330.92
602,857.01,141.31
603,3463.83,527.24
604,978.09,161.15
605,592.97,97.56
606,768.73,114.09
607,1375.48,177.32
608,394.26,69.39
609,2301.84,307.24
610,4961.15,651.69
611,1272.37,159.59
612,290.42,50.3
613,6880.86,703.09
614,949.26,112.44
615,439.16,81.44
616,680.85,49.02
617,225.78,50.73
618,1189.58,149.39
619,569.23,78.48
620,4598.16,484.98
621,757.06,115.0
622,394.34,77.44
623,5793.45,497.58
624,539.35,77.66
625,1572.22,204.57
626,845.94,137.08
627,325.22,62.97
628,924.01,141.1
629,1273.8,246.33
630,1515.09,161.74
631,832.5,122.2
632,723.86,76.24
633,1228.63,187.35
634,1446.79,152.99
635,227.26,25.19
636,102.05,8.16
637,796.05,96.77
638,885.65,129.94
639,754.09,147.67
640,722.36,107.92
641,540.05,110.21
642,1265.63,165.85
643,1324.66,221.51
644,1152.28,126.32
645,817.07,88.04
646,764.76,115.84
647,474.8,74.5
648,393.58,94.45
649,655.53,55.69
650,371.07,66.79
651,334.51,61.48
652,3541.89,314.06
653,617.22,89.04
654,1033.66,151.5
655,966.93,107.66
656,1292.71,193.12
657,520.27,101.14
658,1351.45,216.03
659,974.44,135.96
660,721.79,70.59
661,841.66,119.37
662,946.22,138.13
663,227.26,25.19
664,99.02,23.76
665,493.46,74.11
666,1036.39,190.22
667,396.36,49.52
668,702.66,114.35
669,91.38,19.11
670,623.4,110.81
671,533.96,113.71
672,858.16,134.33
673,1178.83,157.66
674,521.52,78.03
675,1104.69,130.49
676,1427.96,211.39
677,654.41,100.99
678,910.78,137.91
679,1364.45,196.21
680,1953.81,267.09
681,990.3,163.43
682,753.75,142.33
683,979.49,138.94
684,458.27,92.17
685,281.12,63.4
686,919.1,172.29
687,892.92,162.51
688,521.52,78.03
689,436.72,89.57
690,460.73,59.62
691,319.36,59.49
692,1513.63,250.48
693,858.06,154.57
694,1539.38,307.51
695,509.5,97.31
696,615.55,83.82
697,229.38,39.01
698,675.87,90.78
699,190.68,17.82
700,1025.38,217.87
701,804.93,167.23
702,1564.33,120.51
703,2515.03,405.55
704,500.37,80.61
705,780.34,105.69
706,855.0,103.63
707,1327.34,147.5
708,452.29,105.9
709,849.23,133.39
710,466.84,89.42
711,952.57,146.48
712,1305.26,169.66
713,2262.14,271.22
714,932.3,169.51
715,1987.53,271.52
716,120.53,20.57
717,4573.22,478.99
718,984.29,138.78
719,213.86,41.49
720,532.8,91.47
721,1159.16,143.57
722,613.42,147.22
723,1263.91,220.21
724,529.55,62.49
725,787.82,132.1
726,952.57,146.48
727,449.83,70.82
728,1595.44,191.32
729,750.3,117.3
730,763.58,83.9
731,798.24,131.93
732,682.91,80.41
733,532.8,91.47
734,302.62,54.8
735,1195.18,139.19
736,4228.0,492.08
737,348.34,62.99
738,680.71,92.0
739,544.28,61.24
740,3270.71,431.72
741,264.04,50.01
742,563.81,72.13
743,824.38,92.13
744,1153.18,177.17
745,999.06,137.22
746,1553.13,256.22
747,982.26,148.45
748,334.52,47.93
749,1015.65,122.85
750,1230.08,110.45
751,1061.87,104.04
752,269.39,27.25
753,1091.31,154.57
754,719.11,113.68
755,4002.16,394.89
756,2057.52,234.33
757,521.59,73.94
758,1126.15,207.79
759,1140.74,118.21
760,358.45,62.25
761,4470.64,479.26
762,1026.85,133.21
763,307.15,45.72
764,3626.61,396.27
765,398.58,50.85
766,1159.77,211.18
767,1091.6,130.86
768,688.58,106.01
769,2890.84,294.87
770,1648.2,178.4
771,792.03,124.22
772,3267.56,295.28
773,718.51,97.36
774,836.35,120.15
775,672.61,88.68
776,1507.98,219.65
777,2789.09,244.13
778,1121.41,205.78
779,1819.7,211.29
780,1195.81,130.49
781,264.87,33.28
782,1378.97,184.85
783,647.35,87.2
784,1085.72,260.56
785,1078.53,162.88
786,1599.05,255.73
787,989.63,142.5
788,434.73,65.21
789,642.27,105.44
790,683.28,103.4
791,712.27,113.63
792,6239.91,592.14
793,1283.65,152.22
794,636.86,115.41
795,732.68,153.48
796,334.95,45.63
797,334.95,45.63
798,689.34,88.57
799,629.09,121.01
800,1041.58,149.2
801,576.73,110.93
802,577.75,58.68
803,68.02,4.9
804,1300.26,199.83
805,412.69,76.96
806,661.99,90.43
807,941.02,198.75
808,444.89,89.1
809,307.01,41.85
810,682.21,126.28
811,1834.98,229.73
812,602.5,84.62
813,661.05,77.38
814,1121.54,194.69
815,3556.28,367.55
816,404.27,82.38
817,3296.21,323.36
818,526.14,99.14
819,1283.8,116.83
820,818.36,122.14
821,1298.07,284.37
822,1208.45,135.36
823,363.59,66.6
824,679.02,165.06
825,1441.75,219.84
826,476.13,117.74
827,7280.11,744.01
828,193.17,25.44
829,875.16,98.28
830,963.02,172.93
831,635.2,97.95
832,354.21,57.78
833,606.78,98.18
834,2613.86,278.15
835,458.27,92.17
836,398.58,50.85
837,1042.29,150.9
838,448.7,66.14
839,1579.78,151.15
840,553.93,132.93
841,441.71,93.01
842,1189.0,148.41
843,1629.42,221.08
844,1469.9,190.07
845,1216.25,179.14
846,1311.62,160.46
847,543.01,53.69
848,607.2,124.9
849,3500.62,460.42
850,290.37,58.7
851,1108.15,259.71
852,1959.45,287.07
853,777.65,148.29
854,776.17,81.04
855,806.02,144.29
856,749.45,141.86
857,1195.89,154.79
858,741.28,131.69
859,708.44,170.02
860,431.02,98.3
861,603.38,91.46
862,956.8,134.48
863,647.35,87.2
864,409.84,70.29
865,923.18,112.05
866,1861.81,402.95
867,1091.6,130.86
868,1156.87,160.39
869,1643.52,217.63
870,585.66,67.47
871,268.03,58.47
872,480.54,66.8
873,741.17,98.59
874,33.7,4.85
875,604.38,88.23
876,81.53,14.13
877,2218.42,263.91
878,2744.33,289.05
879,1064.23,248.3
880,444.35,70.76
881,460.73,59.62
882,569.85,95.41
883,696.73,107.81
884,3988.9,275.04
885,2718.22,359.98
886,633.88,74.06
887,561.21,99.76
888,434.3,81.58
889,396.44,65.49
890,489.37,73.13
891,1552.83,167.36
892,409.25,54.12
893,1153.18,177.17
894,979.83,155.07
895,486.78,116.82
896,1378.28,181.12
897,2154.72,205.73
898,1702.91,237.33
899,1186.01,270.13
900,177.65,39.02
901,429.92,63.12
902,868.56,186.84
903,343.97,49.53
904,595.28,142.29
905,564.63,76.01
906,1238.05,167.54
907,334.52,47.93
908,1168.69,193.21
909,138.17,24.45
910,432.49,46.29
911,1839.29,183.75
912,734.98,106.68
913,1971.15,250.44
914,700.83,95.57
915,737.38,85.39
916,1595.58,291.82
917,814.28,132.87
918,687.58,102.48
919,702.99,113.34
920,2723.27,246.59
921,1434.12,311.47
922,468.96,67.96
923,3060.53,313.36
924,580.8,87.73
925,2063.51,406.93
926,1441.38,242.13
927,1714.26,327.67
928,1412.93,130.94
929,987.43,153.87
930,821.77,133.24
931,305.83,44.04
932,1015.27,156.05
933,1000.79,161.9
934,612.24,113.92
935,614.5,82.38
936,353.89,66.44
937,975.27,136.46
938,794.33,86.46
939,485.32,89.58
940,544.65,114.51
941,694.21,121.21
942,513.14,62.44
943,829.81,148.89
944,1503.3,135.71
945,689.15,108.75
946,1223.02,127.34
947,2828.13,245.2
948,953.4,114.04
949,3812.53,388.25
950,343.35,44.15
951,1074.57,130.93
952,119.95,19.11
953,448.46,43.33
954,24.96,5.99
955,1629.77,283.83
956,305.83,44.04
957,296.77,59.13
958,1042.29,150.9
959,702.43,98.25
960,569.31,132.06
961,868.95,145.97
962,6702.42,553.65
963,788.97,126.77
964,1891.76,226.3
965,1067.7,112.08
966,301.28,60.21
967,619.73,69.28
968,891.76,122.31
969,1636.03,252.76
970,2185.18,224.39
971,657.18,104.22
972,688.58,106.01
973,569.24,62.25
974,1226.63,188.06
975,537.81,76.59
976,375.74,76.44
977,793.85,72.78
978,4485.38,547.95
979,504.63,85.8
980,2456.29,237.31
981,291.69,57.91
982,493.38,81.29
983,1034.45,138.63
984,3055.41,335.46
985,712.17,100.17
986,1644.96,247.29
987,1304.34,172.23
988,436.43,94.21
989,1583.86,231.07
990,2794.08,274.08
991,814.18,133.77
992,918.34,122.31
993,2642.25,285.2
994,379.65,32.88
995,1515.54,210.0
996,802.76,142.87
997,780.18,111.66
998,1005.94,157.33
999,2360.68,283.82
1000,970.13,128.65
1001,3817.14,321.53
1002,423.98,85.46
1003,464.92,70.18
1004,712.27,113.63
1005,792.03,124.22
1006,1487.76,188.17
1007,593.61,97.1
1008,1666.22,179.18
1009,882.0,152.91
1010,808.02,92.53
1011,1804.85,245.27
1012,436.92,71.36
1013,828.09,198.74
1014,728.89,101.72
1015,996.16,136.15
1016,521.17,76.5
1017,1072.14,151.15
1018,1122.69,133.93
1019,608.9,86.07
1020,1168.37,154.18
1021,425.03,59.98
1022,1187.26,175.99
1023,688.55,103.64
1024,339.94,48.95
1025,959.44,80.95
1026,752.46,81.17
1027,432.6,65.71
1028,859.17,100.9
1029,1177.72,225.62
1030,688.66,92.35
1031,1033.7,123.25
1032,193.19,31.28
1033,1402.11,122.98
1034,1348.74,140.81
1035,1223.66,168.55
1036,535.64,86.86
1037,322.65,45.49
1038,1410.01,194.65
1039,1114.99,104.96
1040,484.46,82.09
1041,2110.37,193.95
1042,1550.31,171.07
1043,1016.48,153.48
1044,1049.64,150.6
1045,5846.43,483.63
1046,1251.47,122.27
1047,1025.21,166.26
1048,269.63,38.38
1049,451.69,98.21
1050,203.03,35.92
1051,1013.46,118.16
1052,722.0,94.07
1053,1938.83,222.87
1054,754.21,101.93
1055,341.17,84.64
1056,410.13,83.27
1057,1246.0,133.62
1058,3692.0,362.26
1059,291.0,69.84
1060,3707.09,291.61
1061,1787.9,228.6
1062,500.08,37.28
1063,468.5,90.05
1064,9611.29,720.97
1065,9611.29,720.97
1066,1727.82,148.81
1067,1494.98,191.03
1068,2413.31,265.58
1069,538.53,106.52
1070,2258.93,259.22
1071,675.26,75.15
1072,562.75,86.27
1073,777.26,110.36
1074,688.58,106.01
1075,647.35,87.2
1076,600.25,97.68
1077,787.02,119.7
1078,662.11,101.23
1079,6951.4,696.68
1080,771.23,121.75
1081,3818.69,341.03
1082,763.5,120.66
1083,1309.1,107.17
1084,495.79,91.83
1085,1335.68,170.33
1086,1173.43,151.29
1087,2935.39,317.13
1088,1029.54,192.3
1089,164.14,29.54
1090,1720.63,255.27
1091,2351.58,214.93
1092,883.38,123.32
1093,1473.1,199.79
1094,792.88,81.4
1095,989.42,155.45
1096,5573.01,587.53
1097,2074.35,267.73
1098,753.45,104.53
1099,1897.2,217.13
1100,469.16,69.85
1101,574.79,97.21
1102,267.36,50.43
1103,2422.49,295.16
1104,501.82,71.86
1105,1067.72,164.57
1106,150.63,22.96
1107,1117.39,160.9
1108,508.34,105.54
1109,1173.8,212.08
1110,1285.95,215.38
1111,912.77,96.88
1112,912.77,96.88
1113,912.77,96.88
1114,486.25,63.71
1115,574.29,97.1
1116,1088.38,124.65
1117,601.28,135.76
1118,1544.69,209.88
1119,879.85,102.1
1120,371.16,35.9
1121,827.44,108.7
1122,1236.3,144.45
1123,361.15,65.61
1124,356.78,62.89
1125,441.55,105.97
1126,1244.12,145.64
1127,5188.22,526.92
1128,501.96,52.52
1129,2982.46,487.85
1130,1428.23,123.16
1131,919.39,216.68
1132,2795.84,387.17
1133,2797.42,387.54
1134,1006.07,163.8
1135,1378.13,135.24
1136,830.53,99.14
1137,2097.85,211.52
1138,324.37,42.57
1139,369.55,38.01
1140,267.48,44.36
1141,983.06,107.18
1142,1993.78,261.98
1143,663.42,84.04
1144,354.17,85.0
1145,337.41,61.38
1146,1937.0,186.17
1147,2291.69,261.39
1148,755.85,133.97
1149,3233.54,415.98
1150,3349.47,421.4
1151,729.42,96.89
1152,785.44,101.9
1153,3912.46,359.22
1154,1723.47,167.19
1155,673.55,152.15
1156,72.17,19.58
1157,693.74,135.37
1158,4470.14,212.59
1159,1863.49,197.16
1160,1235.9,246.41
1161,484.34,72.57
1162,1639.09,209.64
1163,263.06,39.75
1164,565.48,77.98
1165,528.18,83.21
1166,445.35,70.88
1167,513.74,89.36
1168,819.22,71.74
1169,1255.81,156.2
1170,2469.02,318.67
1171,978.2,121.64
1172,1180.14,186.84
1173,1055.15,136.3
1174,941.89,97.04
1175,3063.54,375.19
1176,399.19,94.98
1177,1505.74,291.55
1178,836.35,120.15
1179,1880.82,177.18
1180,598.09,91.14
1181,1919.59,181.59
1182,4642.71,445.52
1183,565.48,77.98
1184,341.92,57.78
1185,696.11,107.72
1186,312.96,24.78
1187,377.58,67.96
1188,1386.96,228.25
1189,1133.93,128.73
1190,992.13,210.95
1191,2847.91,417.67
1192,495.83,68.04
1193,2210.92,216.9
1194,563.21,126.59
1195,1309.1,107.17
1196,763.5,120.66
1197,289.68,32.56
1198,1099.41,162.76
1199,902.47,135.21
1200,568.43,97.82
1201,620.59,83.46
1202,930.96,102.41
1203,1495.02,257.16
1204,1015.81,149.93
1205,1453.43,200.6
1206,774.71,66.88
1207,3034.26,475.06
1208,966.33,105.18
1209,2591.67,329.57
1210,903.02,137.21
1211,676.75,92.87
1212,443.35,59.26
1213,860.75,129.7
1214,454.81,78.16
1215,1276.98,141.27
1216,3040.86,294.29
1217,531.47,71.49
1218,325.0,34.13
1219,2223.72,229.07
1220,524.9,72.64
1221,1016.68,160.45
1222,454.89,83.04
1223,388.59,80.51
1224,673.93,103.98
1225,1060.83,179.29
1226,572.02,129.03
1227,1128.89,179.64
1228,2301.67,247.77
1229,788.6,189.25
1230,814.33,168.85
1231,1910.51,253.29
1232,808.2,121.33
1233,609.47,57.33
1234,1653.3,163.98
1235,753.76,180.9
1236,811.29,95.13
1237,1424.28,237.41
1238,1350.66,129.76
1239,543.87,89.88
1240,592.52,124.12
1241,569.85,95.41
1242,1898.26,291.78
1243,3067.97,351.58
1244,341.52,45.76
1245,561.36,99.51
1246,138.22,33.17
1247,799.97,122.14
1248,3147.25,271.75
1249,2242.02,227.03
1250,654.91,96.86
1251,2916.1,303.07
1252,217.57,29.58
1253,960.02,155.88
1254,326.53,61.95
1255,1091.83,126.93
1256,444.88,59.66
1257,260.0,54.48
1258,235.75,37.98
1259,1096.55,133.47
1260,994.07,83.73
1261,1159.42,159.2
1262,1368.89,293.25
1263,1212.59,165.01
1264,550.42,79.87
1265,277.48,40.66
1266,754.21,101.93
1267,1009.39,162.14
1268,546.81,74.06
1269,682.02,83.42
1270,784.2,129.53
1271,1129.18,123.69
1272,383.75,69.75
1273,3820.89,341.35
1274,2030.63,231.91
1275,379.98,84.92
1276,1222.25,151.21
1277,684.19,106.06
1278,627.49,90.35
1279,40.61,4.87
1280,1145.68,226.13
1281,1141.03,128.33
1282,452.7,52.87
1283,1104.54,138.63
1284,991.44,176.61
1285,1007.64,127.28
1286,1381.96,180.48
1287,909.07,154.91
1288,912.2,120.12
1289,777.96,81.74
1290,1935.75,225.18
1291,546.79,87.58
1292,637.97,102.4
1293,1100.78,199.8
1294,305.76,66.11
1295,2295.15,269.7
1296,1048.01,153.16
1297,2012.98,263.48
1298,2228.37,253.52
1299,775.62,129.28
1300,735.49,87.98
1301,277.18,66.52
1302,1393.23,226.13
1303,873.68,92.38
1304,946.48,101.97
1305,496.82,83.52
1306,644.08,86.78
1307,488.14,54.62
1308,1290.6,309.22
1309,551.08,133.63
1310,339.38,75.57
1311,881.45,109.15
1312,528.18,83.21
1313,559.85,83.0
1314,213.22,23.01
1315,937.89,136.77
1316,1104.69,130.49
1317,907.23,101.55
1318,770.66,107.24
1319,784.08,158.3
1320,783.75,107.0
1321,2016.21,199.52
1322,1676.6,213.03
1323,3132.37,307.42
1324,1147.81,123.71
1325,570.85,118.12
1326,255.57,50.64
1327,383.59,64.19
1328,679.84,82.83
1329,712.27,113.63
1330,886.74,123.48
1331,1046.39,145.15
1332,2339.22,255.9
1333,32.78,7.71
1334,741.66,114.32
1335,675.26,75.15
1336,597.84,73.06
1337,389.54,66.9
1338,275.66,43.82
1339,286.73,60.73
1340,842.14,99.75
1341,543.93,99.81
1342,632.7,98.76
1343,797.04,69.2
1344,1169.69,152.6
1345,483.75,76.12
1346,786.93,106.36
1347,104.85,25.16
1348,809.71,116.1
1349,177.21,30.8
1350,2171.68,227.5
1351,491.5,62.95
1352,1551.93,300.45
1353,305.18,42.45
1354,101.39,12.88
1355,1042.29,150.9
1356,219.08,44.42
1357,1282.54,117.65
1358,1605.36,227.73
1359,409.72,54.79
1360,1743.75,234.84
1361,825.97,118.93
1362,1347.25,170.02
1363,3727.02,389.01
1364,1815.01,169.51
1365,1112.29,147.26
1366,265.26,44.46
1367,429.02,61.78
1368,3372.63,328.27
1369,837.88,151.16
1370,1058.48,148.79
1371,173.87,41.73
1372,995.06,139.78
1373,99.52,8.95
1374,1905.15,230.24
1375,2905.64,366.53
1376,320.53,60.89
1377,1037.21,191.53
1378,568.41,66.8
1379,504.21,86.31
1380,778.64,151.86
1381,952.93,150.23
1382,460.73,59.62
1383,1716.97,148.38
1384,1332.18,161.85
1385,1261.25,141.7
1386,645.24,81.62
1387,656.39,105.13
1388,167.43,40.18
1389,837.88,151.16
1390,506.93,70.25
1391,507.98,103.03
1392,1018.52,148.68
1393,5017.29,397.66
1394,290.09,34.81
1395,182.21,36.6
1396,429.06,77.27
1397,1869.85,230.17
1398,1044.42,83.33
1399,1413.13,173.57
1400,242.01,44.99
1401,2291.99,282.61
1402,242.01,44.99
1403,352.14,84.51
1404,1170.65,185.3
1405,675.26,75.15
1406,777.16,121.77
1407,391.26,56.86
1408,525.11,72.69
1409,3012.13,410.47
1410,696.11,107.72
1411,777.16,121.77
1412,1243.3,92.55
1413,250.39,51.01
1414,663.64,105.37
1415,1336.78,118.31
1416,728.4,92.97
1417,3626.48,306.09
1418,4684.5,448.17
1419,1299.11,123.86
1420,780.78,112.42
1421,1452.23,230.53
1422,906.61,137.46
1423,1238.42,201.01
1424,5213.34,413.16
1425,801.35,126.24
1426,686.98,118.82
1427,117.56,21.16
1428,718.03,89.9
1429,444.44,66.86
1430,624.83,77.04
1431,641.09,118.07
1432,642.88,113.37
1433,463.85,61.35
1434,886.41,104.45
1435,941.06,132.08
1436,856.55,154.03
1437,485.97,75.22
1438,554.56,83.71
1439,872.51,91.16
1440,514.12,71.55
1441,571.93,82.82
1442,810.49,92.19
1443,1330.75,146.35
1444,324.15,55.47
1445,449.36,59.51
1446,942.92,84.72
1447,625.85,93.64
1448,501.64,99.93
1449,597.84,73.06
1450,3967.93,336.63
1451,556.56,62.3
1452,6101.37,495.78
1453,342.66,33.88
1454,1175.06,215.29
1455,221.23,15.93
1456,318.07,47.0
1457,764.76,115.84
1458,1285.14,174.01
1459,412.61,64.92
1460,847.23,122.34
1461,475.6,76.74
1462,950.8,133.35
1463,3983.45,403.75
1464,1852.06,190.26
1465,1371.38,156.21
1466,1547.17,187.28
1467,648.84,137.71
1468,885.25,124.55
1469,580.06,106.44
1470,624.24,110.93
1471,574.06,83.69
1472,2295.51,202.91
1473,873.02,135.85
1474,703.26,116.86
1475,538.83,53.59
1476,2265.48,335.74
1477,2142.97,257.22
1478,670.7,73.58
1479,378.45,77.31
1480,3158.54,287.48
1481,1150.65,150.14
1482,192.08,30.83
1483,117.81,17.15
1484,192.08,30.83
1485,606.96,109.72
1486,971.89,160.21
1487,973.08,122.25
1488,785.7,92.76
1489,1744.22,200.3
1490,1337.13,185.55
1491,3315.59,318.51
1492,938.64,225.26
1493,1006.07,163.8
1494,420.18,63.24
1495,396.05,57.62
1496,1832.52,204.26
1497,1204.28,195.87
1498,2844.62,364.66
1499,425.64,85.07
1500,804.35,64.48
1501,7671.17,836.29
1502,265.46,57.98
1503,1391.52,277.24
1504,578.63,138.87
1505,520.27,101.14
1506,1050.62,141.36
1507,560.16,64.96
1508,3057.62,169.61
1509,872.5,130.12
1510,877.62,116.36
1511,3715.31,358.5
1512,1401.49,188.07
1513,233.35,37.27
1514,712.27,113.63
1515,602.82,75.4
1516,892.18,89.46
1517,835.95,120.09
1518,1576.7,183.84
1519,1589.86,180.84
1520,878.26,178.91
1521,653.52,59.64
1522,935.07,144.46
1523,901.31,125.9
1524,723.84,93.45
1525,1095.56,160.34
1526,806.02,144.29
1527,488.32,81.08
1528,821.74,160.14
1529,444.54,90.52
1530,2180.52,229.65
1531,1895.66,337.01
1532,2620.68,472.3
1533,728.58,94.62
1534,1127.17,177.63
1535,1384.6,134.32
1536,1066.18,142.38
1537,641.67,100.21
1538,216.46,45.96
1539,922.95,107.4
1540,754.21,118.43
1541,1589.23,289.62
1542,790.77,118.34
1543,919.08,129.18
1544,1766.66,255.67
1545,955.62,141.36
1546,5017.98,359.15
1547,1155.57,146.43
1548,1137.07,88.58
1549,497.03,98.48
1550,396.76,45.28
1551,713.7,107.27
1552,156.51,12.52
1553,1236.3,144.45
1554,1637.01,208.11
1555,347.26,42.64
1556,978.47,103.42
1557,1467.88,214.63
1558,666.19,89.2
1559,268.05,34.47
1560,149.84,26.22
1561,942.26,174.79
1562,717.51,163.43
1563,1343.76,119.98
1564,507.2,68.7
1565,474.7,62.27
1566,1548.08,217.12
1567,401.67,96.4
1568,1294.03,220.74
1569,230.94,55.41
1570,4562.05,424.09
1571,796.01,114.62
1572,1223.55,168.53
1573,620.11,134.38
1574,584.57,84.62
1575,1257.63,202.21
1576,271.29,65.11
1577,1508.99,300.75
1578,919.1,172.29
1579,1811.88,157.65
1580,2433.8,227.04
1581,718.73,74.09
1582,2253.63,303.32
1583,663.96,150.09
1584,1508.99,300.75
1585,828.41,119.16
1586,666.14,103.22
1587,2850.38,282.62
1588,1138.56,129.6
1589,1257.11,180.73
1590,1660.82,279.52
1591,654.69,137.64
1592,440.97,39.1
1593,684.67,148.18
1594,889.5,94.1
1595,725.61,128.73
1596,725.61,128.73
1597,1181.18,112.15
1598,4034.68,456.89
1599,968.45,100.0
1600,402.96,50.32
1601,1296.71,113.74
1602,2212.1,205.17
1603,2022.05,462.98
1604,796.99,90.98
1605,1086.5,130.67
1606,509.5,97.31
1607,3644.08,406.26
1608,444.35,70.76
1609,759.66,146.62
1610,197.11,39.59
1611,774.86,142.24
1612,1411.5,160.51
1613,247.91,59.5
1614,921.85,105.04
1615,1041.98,250.07
1616,574.06,83.69
1617,1245.55,122.39
1618,723.61,100.28
1619,725.29,111.69
1620,1165.23,136.38
1621,1353.05,156.58
1622,842.58,126.88
1623,1374.95,170.24
1624,905.59,125.31
1625,225.52,40.51
1626,2721.41,243.38
1627,1461.29,286.64
1628,618.32,61.9
1629,493.63,83.56
1630,1313.8,156.23
1631,632.22,91.03
1632,3456.33,424.77
1633,183.73,16.09
1634,1587.81,169.39
1635,783.61,69.9
1636,578.85,85.23
1637,965.27,137.21
1638,940.55,117.87
1639,1904.74,243.24
1640,438.87,82.53
1641,814.29,111.39
1642,989.23,105.95
1643,681.9,119.43
1644,1738.69,208.46
1645,1045.7,201.26
1646,4281.45,469.5
1647,669.9,108.88
1648,1012.75,129.0
1649,868.3,147.42
1650,1064.95,173.25
1651,2188.71,245.85
1652,1476.14,293.79
1653,619.2,84.2
1654,791.18,93.64
1655,2830.05,369.68
1656,370.46,88.9
1657,751.6,124.57
1658,902.7,168.52
1659,1380.21,230.6
1660,904.73,118.94
1661,778.81,109.07
1662,296.06,31.86
1663,577.58,97.88
1664,855.01,89.49
1665,1025.02,167.54
1666,601.75,106.31
1667,1937.45,228.2
1668,979.58,235.09
1669,1094.94,107.07
1670,274.8,32.33
1671,802.76,118.62
1672,588.44,84.8
1673,432.05,43.11
1674,2246.96,226.81
1675,1680.26,191.47
1676,5915.17,541.49
1677,1613.7,238.23
1678,539.04,74.59
1679,500.1,71.67
1680,500.1,71.67
1681,1747.59,255.98
1682,7133.93,712.61
1683,1455.1,149.94
1684,919.1,172.29
1685,2299.35,246.48
1686,242.65,58.23
1687,655.39,101.48
1688,1328.48,121.87
1689,1864.13,243.39
1690,1856.76,232.32
1691,3056.7,429.03
1692,798.81,104.75
1693,781.33,112.51
1694,923.33,212.44
1695,526.87,73.15
1696,418.09,64.47
1697,657.25,94.29
1698,672.61,88.68
1699,2239.58,243.01
1700,720.75,124.09
1701,733.06,138.76
1702,2264.05,272.23
1703,617.48,99.28
1704,638.49,97.49
1705,988.5,138.18
1706,1617.47,207.69
1707,784.74,97.94
1708,1022.5,132.34
1709,265.28,54.69
1710,642.14,151.23
1711,372.94,73.86
1712,1092.7,149.23
1713,1725.81,216.9
1714,1316.43,175.71
1715,1332.63,206.94
1716,860.83,129.71
1717,574.39,61.35
1718,1585.78,304.08
1719,816.18,77.05
1720,1275.86,241.07
1721,695.29,76.54
1722,13881.79,748.59
1723,2000.31,385.47
1724,691.2,109.82
1725,1101.9,180.24
1726,1675.13,235.86
1727,6698.5,661.8
1728,1605.93,189.1
1729,994.35,215.41
1730,375.29,73.39
1731,955.86,132.33
1732,2047.33,261.67
1733,1030.21,136.61
1734,238.16,58.13
1735,612.24,113.92
1736,1501.45,131.14
1737,1220.67,174.96
1738,791.74,99.53
1739,794.59,135.39
1740,497.52,75.32
1741,2420.01,297.91
1742,876.38,135.31
1743,1185.92,141.11
1744,934.72,110.68
1745,1023.99,158.18
1746,825.06,125.86
1747,854.82,89.51
1748,1092.31,132.43
1749,1222.36,122.31
1750,764.76,115.84
1751,2196.29,201.12
1752,1154.67,160.63
1753,2426.83,341.57
1754,725.08,107.47
1755,740.11,75.72
1756,508.82,122.11
1757,617.27,101.97
1758,657.45,115.72
1759,785.61,136.87
1760,1383.37,277.09
1761,674.04,111.28
1762,1489.37,198.48
1763,1522.01,176.5
1764,632.7,98.76
1765,364.7,42.16
1766,900.35,117.35
1767,322.91,46.96
1768,1091.01,158.22
1769,1091.01,158.22
1770,704.14,104.03
1771,782.87,122.93
1772,276.31,47.58
1773,1721.64,177.47
1774,1889.38,248.81
1775,514.01,78.09
1776,429.92,63.12
1777,1354.11,143.76
1778,917.95,111.81
1779,517.55,55.53
1780,733.83,106.29
1781,1651.44,213.46
1782,695.25,148.96
1783,2226.96,220.8
1784,2268.91,305.14
1785,1642.67,264.39
1786,1642.67,264.39
1787,636.54,63.8
1788,606.15,84.08
1789,13832.15,827.52
1790,1790.02,152.19
1791,182.03,33.82
1792,1251.01,118.62
1793,952.52,125.79
1794,1016.73,159.85
1795,868.49,106.86
1796,505.83,72.55
1797,481.59,91.5
1798,871.8,198.26
1799,561.44,53.78
1800,1075.72,148.42
1801,429.09,68.69
1802,699.53,94.26
1803,914.72,188.01
1804,1385.27,182.18
1805,810.16,106.66
1806,700.28,133.09
1807,1225.42,143.43
1808,309.21,60.84
1809,613.29,82.09
1810,416.91,75.78
1811,228.45,47.83
1812,860.75,129.7
1813,4912.26,374.75
1814,2400.14,266.65
1815,668.74,72.13
1816,1112.69,105.02
1817,4123.87,446.3
1818,548.28,62.84
1819,1007.41,140.22
1820,495.83,68.04
1821,862.94,123.05
1822,623.66,77.0
1823,704.45,93.03
1824,1091.01,158.22
1825,1091.01,158.22
1826,722.6,105.66
1827,827.46,126.05
1828,290.13,38.96
1829,4257.78,358.1
1830,709.51,103.05
1831,799.99,91.63
1832,1872.11,168.62
1833,1190.79,93.37
1834,2563.78,202.62
1835,707.37,133.71
1836,627.52,67.94
1837,1432.43,129.51
1838,1437.2,216.54
1839,1230.28,189.25
1840,706.16,65.25
1841,396.1,53.85
1842,1600.84,258.48
1843,1645.95,215.75
1844,1261.53,137.12
1845,808.2,121.33
1846,1303.36,203.19
1847,1303.36,203.19
1848,1303.36,203.19
1849,1303.36,203.19
1850,1303.36,203.19
1851,3953.8,345.26
1852,484.54,42.74
1853,1251.67,157.03
1854,5613.49,607.78
1855,734.98,106.68
1856,1285.95,215.38
1857,781.48,122.16
1858,511.27,63.8
1859,837.65,142.25
1860,750.95,97.66
1861,484.54,42.74
1862,418.71,69.77
1863,1235.04,140.47
1864,1313.43,158.61
1865,6099.0,567.96
1866,417.4,61.38
1867,517.11,86.45
1868,400.67,93.48
1869,854.13,127.88
1870,507.25,68.09
1871,825.77,134.09
1872,1108.16,265.95
1873,3905.0,352.94
1874,1090.45,139.28
1875,1316.8,147.39
1876,445.01,69.69
1877,2075.39,198.3
1878,1281.17,178.6
1879,1039.71,102.86
1880,323.39,82.46
1881,982.58,142.04
1882,1533.85,238.05
1883,59.52,10.25
1884,772.41,110.88
1885,1171.25,179.03
1886,427.88,50.2
1887,1387.38,112.93
1888,1568.42,194.95
1889,961.53,102.96
1890,19462.77,1142.77
1891,267.36,50.43
1892,453.67,68.13
1893,569.85,95.41
1894,645.62,109.79
1895,1136.09,123.17
1896,657.18,104.22
1897,524.11,112.44
1898,852.76,127.76
1899,682.26,93.32
1900,1126.27,184.1
1901,317.12,57.85
1902,5056.52,565.76
1903,373.49,39.37
1904,1292.55,176.46
1905,3678.11,291.81
1906,896.88,150.26
1907,919.1,172.29
1908,535.6,91.91
1909,1276.47,175.09
1910,383.03,62.26
1911,1431.11,200.25
1912,176.08,21.05
1913,880.37,89.84
1914,982.37,155.53
1915,3452.2,400.33
1916,7157.23,680.51
1917,1587.54,147.18
1918,806.72,98.94
1919,272.76,41.03
1920,389.5,50.48
1921,656.39,105.13
1922,1823.99,302.73
1923,439.16,87.27
1924,313.46,65.27
1925,847.34,106.47
1926,1228.27,138.58
1927,289.33,45.19
1928,1303.99,205.68
1929,1541.8,229.84
1930,1456.98,143.4
1931,1004.81,144.45
1932,1033.19,169.47
1933,1223.55,168.53
1934,624.61,97.5
1935,996.03,125.31
1936,1159.59,199.15
1937,867.2,120.93
1938,914.19,147.02
1939,641.35,136.04
1940,410.03,79.19
1941,2436.02,294.89
1942,836.35,120.15
1943,957.76,162.0
1944,3203.41,317.99
1945,1028.64,166.07
1946,1582.08,310.71
1947,2406.25,311.28
1948,685.55,124.47
1949,2646.44,349.65
1950,1026.24,140.23
1951,1023.7,169.24
1952,629.72,100.08
1953,1440.07,213.91
1954,605.53,83.41
1955,864.32,128.03
1956,456.68,60.55
1957,342.88,56.37
1958,775.6,122.75
1959,345.19,24.85
1960,744.6,162.38
1961,1348.95,142.7
1962,2373.43,292.32
1963,1095.56,160.34
1964,4985.52,376.32
1965,207.47,49.79
1966,1558.57,196.44
1967,1285.5,201.15
1968,1648.69,156.04
1969,1130.6,97.72
1970,464.92,70.18
1971,1079.83,106.55
1972,1141.98,146.13
1973,1028.9,106.42
1974,847.15,109.68
1975,390.25,73.01
1976,644.04,154.57
1977,418.9,61.22
1978,917.95,111.81
1979,1030.21,136.61
1980,416.33,65.12
1981,533.96,113.71
1982,555.9,91.26
1983,1050.67,130.79
1984,1065.29,184.24
1985,1217.46,152.79
1986,607.77,52.87
1987,825.35,115.21
1988,689.9,119.09
1989,1451.59,194.88
1990,868.03,172.12
1991,1038.34,170.87
1992,897.68,126.29
1993,3476.5,612.93
1994,912.54,194.71
1995,495.54,83.86
1996,889.75,139.9
1997,749.85,119.49
1998,950.58,133.1
1999,640.8,153.79
2000,243.08,40.84
2001,654.94,88.48
2002,465.18,92.5
2003,740.13,100.39
2004,357.14,59.28
2005,1129.69,128.54
2006,5232.11,578.34
2007,1830.39,242.93
2008,320.58,67.56
2009,960.17,151.75
2010,881.54,114.92
2011,371.15,66.86
2012,2249.4,136.76
2013,463.97,61.95
2014,3514.89,272.22
2015,1033.19,169.47
2016,700.68,109.7
2017,824.52,164.22
2018,871.61,128.49
2019,374.05,67.28
2020,6115.73,558.57
2021,809.18,114.55
2022,429.65,45.34
2023,577.71,74.57
2024,344.57,64.73
2025,825.72,128.34
2026,446.17,46.09
2027,5395.18,420.74
2028,1505.2,188.73
2029,475.08,104.02
2030,660.59,96.64
2031,3114.57,267.6
2032,660.59,96.64
2033,583.53,105.95
2034,583.53,105.95
2035,731.24,124.42
2036,1898.56,213.12
2037,4774.72,438.99
2038,616.21,147.89
2039,601.78,95.19
2040,290.09,34.81
2041,374.05,67.28
2042,1029.84,194.47
2043,920.62,85.84
2044,840.54,105.73
2045,1012.11,157.83
2046,768.73,114.09
2047,436.79,54.28
2048,7012.23,705.44
2049,874.36,131.27
2050,1093.47,96.58
2051,247.37,50.52
2052,922.06,118.38
2053,1190.54,207.17
2054,1291.67,184.26
2055,1611.53,319.69
2056,1016.02,134.2
2057,938.71,163.97
2058,211.45,34.68
2059,334.52,47.93
2060,1317.25,151.66
2061,348.72,52.74
2062,1470.65,200.18
2063,390.38,55.78
2064,1694.32,217.05
2065,9045.63,555.95
2066,1267.41,92.7
2067,624.5,118.06
2068,586.59,76.07
2069,745.86,116.32
2070,117.56,21.16
2071,355.53,52.48
2072,223.6,46.24
2073,912.31,183.79
2074,1295.57,167.77
2075,794.26,113.11
2076,986.03,120.86
2077,2372.52,289.88
2078,1328.55,121.88
2079,676.48,75.07
2080,1175.35,143.45
2081,4663.1,484.77
2082,2220.38,242.7
2083,983.84,85.63
2084,1552.86,270.53
2085,757.59,120.65
2086,391.26,56.86
2087,377.94,47.92
2088,551.87,71.79
2089,538.63,112.18
2090,1041.59,135.18
2091,249.71,31.07
2092,625.06,96.01
2093,395.52,64.85
2094,717.98,172.3
2095,11610.14,1115.32
2096,740.92,125.44
2097,815.71,126.55
2098,1261.03,182.85
2099,187.99,11.28
2100,766.43,93.72
2101,1855.48,187.34
2102,287.07,39.45
2103,568.45,100.04
2104,916.58,133.88
2105,819.42,118.82
2106,443.23,58.96
2107,288.05,32.61
2108,2625.73,248.58
2109,1029.21,167.49
2110,1137.28,124.05
2111,1501.24,218.95
2112,300.13,52.89
2113,281.81,61.71
2114,2790.45,250.15
2115,657.18,104.22
2116,693.87,102.92
2117,429.76,49.41
2118,909.49,126.88
2119,767.05,127.63
2120,1285.95,215.38
2121,177.65,32.21
2122,685.0,148.22
2123,7354.61,670.53
2124,769.72,127.72
2125,585.06,77.1
2126,1538.48,210.79
2127,5667.18,379.43
2128,488.27,103.22
2129,1685.01,180.17
2130,1007.68,129.65
2131,900.76,129.22
2132,3404.63,434.23
2133,1430.98,167.22
2134,440.12,63.81
2135,3330.18,373.98
2136,860.75,129.7
2137,885.54,136.15
2138,1285.95,215.38
2139,717.99,143.63
2140,590.18,107.08
2141,1749.04,223.21
2142,1800.19,238.58
2143,524.01,80.33
2144,251.42,19.0
2145,222.78,43.96
2146,2514.65,306.49
2147,694.2,75.19
2148,626.24,71.73
2149,814.28,132.87
2150,2258.47,270.69
2151,2258.47,270.69
2152,445.35,70.88
2153,262.7,27.02
2154,14907.68,786.08
2155,773.31,161.29
2156,2138.64,228.19
2157,561.44,53.78
2158,360.05,73.14
2159,361.81,84.94
2160,4734.48,537.2
2161,263.06,39.75
2162,280.52,51.74
2163,458.27,92.17
2164,879.5,124.55
2165,1013.06,142.47
2166,2486.37,321.25
2167,2106.44,230.02
2168,3644.08,406.26
2169,263.06,39.75
2170,194.27,42.98
2171,942.3,106.25
2172,717.45,116.38
2173,2960.81,368.86
2174,370.66,70.34
2175,3938.65,396.86
2176,378.61,58.18
2177,700.28,133.09
2178,611.64,84.52
2179,1386.03,152.18
2180,957.3,173.46
2181,934.8,118.45
2182,1383.96,118.11
2183,536.17,80.08
2184,389.9,93.57
2185,1103.89,154.37
2186,435.57,78.79
2187,1187.03,149.65
2188,206.24,24.35
2189,1667.25,250.42
2190,728.46,162.08
2191,639.2,114.54
2192,879.28,124.86
2193,2610.53,258.07
2194,702.39,101.87
2195,609.73,110.74
2196,639.47,82.69
2197,644.91,75.31
2198,461.14,84.03
2199,785.24,143.32
2200,1439.28,245.28
2201,4333.78,375.91
2202,640.27,55.0
2203,4535.23,422.52
2204,11964.51,1068.3
2205,495.53,72.29
2206,749.26,162.16
2207,1461.43,189.8
2208,746.8,107.62
2209,1497.47,195.93
2210,738.01,114.57
2211,852.76,127.76
2212,647.02,155.27
2213,647.02,155.27
2214,2028.95,275.99
2215,1017.58,137.53
2216,775.6,122.75
2217,1028.37,110.56
2218,1283.25,148.71
2219,580.89,94.46
2220,328.16,49.67
2221,1360.5,210.0
2222,4846.15,468.1
2223,2807.83,328.51
2224,698.09,141.51
2225,1249.14,223.04
2226,765.35,141.38
2227,1164.39,155.04
2228,873.51,160.59
2229,312.11,69.06
2230,1170.18,242.36
2231,472.12,77.61
2232,1344.04,117.98
2233,184.16,25.37
2234,9.07,2.18
2235,1401.86,190.01
2236,1236.49,146.54
2237,1401.86,190.01
2238,582.34,101.12
2239,413.15,72.69
2240,234.36,52.31
2241,802.76,118.62
2242,641.66,77.16
2243,1174.7,161.46
2244,1354.42,220.77
2245,703.56,101.98
2246,683.32,77.73
2247,2376.91,270.61
2248,225.99,40.92
2249,2526.36,248.93
2250,2153.38,265.71
2251,541.37,91.53
2252,652.24,88.45
2253,597.84,73.06
2254,431.01,62.06
2255,1481.73,207.8
2256,1132.11,185.44
2257,248.46,31.25
2258,810.87,95.82
2259,9693.06,744.06
2260,541.53,72.81
2261,745.86,116.32
2262,670.51,105.62
2263,860.83,129.71
2264,3040.59,386.87
2265,16313.67,882.35
2266,1301.86,178.06
2267,523.14,85.69
2268,523.14,85.69
2269,838.59,122.93
2270,339.28,55.98
2271,339.28,55.98
2272,672.61,88.68
2273,676.96,140.88
2274,662.98,93.23
2275,990.83,170.96
2276,710.24,87.78
2277,414.47,61.97
2278,1277.57,129.33
2279,1051.58,118.64
2280,696.1,88.06
2281,648.76,98.64
2282,5629.92,607.91
2283,571.98,65.74
2284,719.87,105.72
2285,931.44,133.01
2286,452.44,74.73
2287,1048.01,153.16
2288,529.57,66.62
2289,900.11,128.48
2290,587.76,115.98
2291,997.69,144.31
2292,1512.29,191.21
2293,1353.05,156.58
2294,571.98,65.74
2295,892.29,122.05
2296,1437.62,172.27
2297,4018.31,407.94
2298,255.71,48.97
2299,677.12,118.15
2300,296.78,63.37
2301,821.62,159.47
2302,530.84,79.82
2303,1665.44,235.19
2304,1212.87,168.99
2305,361.35,78.68
2306,1455.85,161.1
2307,520.28,74.32
2308,444.35,70.76
2309,533.92,73.06
2310,6534.31,336.86
2311,1656.8,199.99
2312,8992.79,1068.44
2313,3146.27,432.9
2314,454.88,85.36
2315,414.79,56.35
2316,567.52,48.35
2317,635.67,71.61
2318,1137.65,178.31
2319,842.17,132.6
2320,1231.41,163.87
2321,564.42,81.9
2322,1111.73,163.28
2323,942.29,138.14
2324,7331.0,561.32
2325,1334.64,147.97
2326,346.26,45.37
2327,6802.91,675.3
2328,1732.77,275.97
2329,2054.7,186.1
2330,462.64,50.53
2331,205.14,41.72
2332,1136.5,183.76
2333,346.26,45.37
2334,617.48,99.28
2335,2532.66,255.64
2336,1007.68,129.65
2337,487.81,51.85
2338,1387.71,143.05
2339,889.36,145.32
2340,3686.08,303.1
2341,617.48,99.28
2342,185.85,37.98
2343,396.44,65.49
2344,463.5,71.79
2345,463.5,71.79
2346,836.35,120.15
2347,1006.07,163.8
2348,614.5,82.38
2349,430.87,66.29
2350,199.86,34.6
2351,1990.92,211.91
2352,793.89,102.8
2353,1301.86,235.15
2354,744.24,111.0
2355,932.72,126.01
2356,836.39,129.25
2357,744.22,105.99
2358,307.79,38.1
2359,275.25,40.28
2360,745.07,148.99
2361,208.43,44.05
2362,902.47,115.69
2363,2243.14,271.44
2364,408.37,59.96
2365,1617.47,207.69
2366,670.67,131.36
2367,4160.63,412.84
2368,1091.15,133.95
2369,8661.01,545.61
2370,1901.53,222.24
2371,716.19,66.31
2372,370.66,70.34
2373,1020.2,162.34
2374,631.83,91.02
2375,2548.57,217.31
2376,300.61,38.96
2377,118.48,25.8
2378,925.24,155.66
2379,1338.31,156.93
2380,692.11,118.54
2381,821.07,127.58
2382,6912.53,710.69
2383,2007.59,335.35
2384,1170.65,185.3
2385,729.64,87.12
2386,770.25,114.31
2387,4764.11,463.01
2388,1044.79,171.29
2389,263.06,39.75
2390,1344.24,226.66
2391,586.91,140.86
2392,1374.72,156.95
2393,1891.4,215.5
2394,797.06,87.49
2395,262.08,39.52
2396,1633.89,157.62
2397,915.12,155.58
2398,785.64,104.19
2399,863.65,168.79
2400,891.69,206.6
2401,419.13,98.34
2402,529.45,131.85
2403,3669.45,334.11
2404,2079.76,224.4
2405,319.15,49.71
2406,430.87,66.29
2407,410.03,79.19
2408,490.41,119.66
2409,465.27,63.88
2410,757.68,119.38
2411,640.81,81.46
2412,749.14,98.55
2413,3064.06,288.95
2414,901.57,117.25
2415,657.18,104.22
2416,944.32,159.8
2417,1155.26,143.66
2418,5658.83,447.59
2419,785.36,61.61
2420,753.17,55.21
2421,1384.48,127.36
2422,1730.45,294.76
2423,4384.94,472.51
2424,3760.69,392.47
2425,619.15,115.71
2426,1042.29,150.9
2427,1819.67,256.22
2428,1589.69,191.95
2429,294.0,64.96
2430,1331.32,226.16
2431,1395.41,231.29
2432,704.87,138.79
2433,2828.04,286.32
2434,548.22,117.13
2435,913.36,121.3
2436,1505.71,272.09
2437,321.88,42.86
2438,3265.71,363.06
2439,429.39,94.15
2440,1571.04,217.46
2441,934.72,110.68
2442,1175.76,144.86
2443,479.18,87.99
2444,982.37,155.53
2445,2641.15,316.04
2446,685.58,101.86
2447,2883.59,338.44
2448,4990.68,292.69
2449,2186.89,219.74
2450,369.93,25.43
2451,880.01,129.82
2452,485.29,69.88
2453,2527.93,259.8
2454,1601.31,141.74
2455,777.78,131.47
2456,1126.96,155.12
2457,2258.47,270.69
2458,378.73,35.06
2459,324.34,61.81
2460,902.96,115.75
2461,1641.19,228.18
2462,315.51,62.35
2463,703.53,116.51
2464,1958.47,204.4
2465,1957.57,268.56
2466,1597.61,194.95
2467,971.2,130.51
2468,1028.29,154.95
2469,910.66,96.65
2470,369.5,45.68
2471,633.16,54.88
2472,836.35,120.15
2473,1240.71,150.32
2474,317.94,44.02
2475,1305.07,184.81
2476,433.8,92.55
2477,385.15,64.68
2478,879.64,129.93
2479,555.38,61.2
2480,671.52,128.49
2481,1127.55,200.65
2482,310.87,53.82
2483,2647.22,211.1
2484,986.26,120.25
2485,718.02,89.9
2486,712.19,104.19
2487,3198.03,276.29
2488,972.46,156.68
2489,1339.92,141.34
2490,1822.56,186.88
2491,765.26,138.55
2492,1055.83,147.78
2493,2361.12,192.25
2494,1149.14,141.69
2495,642.28,107.99
2496,11346.35,741.76
2497,583.76,125.92
2498,1429.72,151.57
2499,972.75,97.26
2500,1210.68,136.08
2501,1027.16,124.53
2502,2090.78,290.97
2503,1801.45,176.77
2504,1073.37,150.26
2505,865.15,179.9
2506,1048.82,120.26
2507,2309.58,324.23
2508,1135.33,213.1
2509,1916.89,253.27
2510,924.88,106.36
2511,420.21,50.57
2512,575.93,101.49
2513,674.48,102.33
2514,1608.16,157.18
2515,778.55,121.89
2516,1388.04,185.05
2517,1754.34,318.22
2518,466.42,52.59
2519,1669.65,233.31
2520,267.36,50.43
2521,273.54,36.29
2522,602.6,130.18
2523,1748.31,250.91
2524,1170.65,185.3
2525,783.43,128.34
2526,1498.82,173.37
2527,491.96,57.46
2528,1912.98,270.61
2529,1617.67,230.69
2530,883.59,128.97
2531,538.25,64.02
2532,362.39,61.97
2533,5322.99,342.73
2534,688.52,93.64
2535,263.06,39.75
2536,480.54,86.7
2537,1091.59,130.18
2538,1233.83,168.02
2539,507.66,98.52
2540,3644.08,406.26
2541,500.67,83.84
2542,911.45,122.45
2543,616.48,61.22
2544,471.33,56.56
2545,570.69,132.25
2546,763.98,128.53
2547,1039.23,150.75
2548,1096.09,157.82
2549,705.95,86.38
2550,1316.94,170.09
2551,657.18,104.22
2552,543.1,103.07
2553,920.21,132.5
2554,1195.68,183.72
2555,769.22,126.57
2556,1141.84,126.84
2557,504.8,67.78
2558,669.32,79.97
2559,1277.51,136.85
2560,506.31,62.16
2561,841.04,85.53
2562,686.2,85.82
2563,1170.65,185.3
2564,433.29,68.14
2565,269.03,42.71
2566,284.78,39.91
2567,1056.63,123.02
2568,1571.99,202.17
2569,738.3,129.08
2570,124.28,12.38
2571,238.48,38.82
2572,764.0,80.4
2573,1286.67,127.34
2574,1010.19,180.21
2575,2005.37,286.96
2576,496.52,66.04
2577,889.84,213.56
2578,693.07,80.32
2579,3062.86,226.25
2580,751.03,135.98
2581,2176.19,304.35
2582,11475.62,539.47
2583,1286.3,170.09
2584,1129.69,128.54
2585,1173.8,212.08
2586,221.85,36.79
2587,7431.23,544.77
2588,703.5,93.33
2589,477.8,160.0
2590,2736.51,336.34
2591,980.21,132.2
2592,610.97,78.88
2593,885.79,112.68
2594,1067.9,149.18
2595,1123.89,114.14
2596,702.02,85.85
2597,408.06,62.81
2598,308.6,57.86
2599,5620.83,622.65
2600,953.78,184.77
2601,308.6,57.86
2602,1181.11,194.46
2603,1472.78,232.66
2604,1490.74,181.01
2605,524.94,98.95
2606,323.39,82.46
2607,809.38,124.39
2608,773.07,96.7
2609,1171.25,179.03
2610,708.05,87.48
2611,1071.55,144.42
2612,716.12,44.12
2613,224.48,34.31
2614,538.21,75.65
2615,540.28,106.11
2616,657.81,138.64
2617,1350.06,175.05
2618,555.89,67.28
2619,921.9,114.67
2620,1111.47,208.65
2621,1377.05,185.77
2622,2400.11,242.98
2623,3062.74,327.98
2624,1459.62,162.79
2625,6385.75,662.42
2626,2165.75,285.95
2627,889.5,94.1
2628,2200.91,279.5
2629,2784.18,249.9
2630,567.61,87.75
2631,775.6,122.75
2632,380.12,56.66
2633,496.44,87.0
2634,2729.46,283.87
2635,724.01,173.76
2636,912.35,141.15
2637,543.77,67.65
2638,882.68,78.31
2639,126.0,19.55
2640,8975.12,781.96
2641,684.19,106.06
2642,352.4,79.78
2643,174.63,26.8
2644,3201.53,240.96
2645,174.63,26.8
2646,625.98,141.46
2647,635.3,117.55
2648,564.05,46.51
2649,191.07,21.69
2650,1367.18,261.28
2651,520.27,101.14
2652,1032.77,142.83
2653,814.28,132.87
2654,820.45,127.02
2655,1184.09,171.37
2656,312.01,43.38
2657,530.63,64.83
2658,792.3,82.94
2659,1235.55,136.5
2660,2579.29,395.43
2661,1575.44,174.46
2662,406.47,58.53
2663,444.5,46.11
2664,889.5,94.1
2665,475.13,95.42
2666,1044.74,140.17
2667,412.93,91.12
2668,844.43,102.22
2669,1222.67,192.53
2670,1079.3,125.58
2671,558.11,80.96
2672,1235.55,177.06
2673,203.33,44.25
2674,941.73,115.14
2675,710.6,98.68
2676,960.17,151.75
2677,934.62,82.12
2678,391.26,56.86
2679,678.64,107.89
2680,369.08,47.36
2681,497.52,75.32
2682,777.26,110.36
2683,257.73,32.03
2684,903.82,137.56
2685,451.21,68.72
2686,198.16,17.07
2687,398.83,59.24
2688,340.46,72.68
2689,16693.09,915.91
2690,597.32,65.35
2691,2130.85,190.55
2692,262.98,42.3
2693,1960.4,456.51
2694,180.86,31.05
2695,2020.5,176.47
2696,3511.78,294.13
2697,737.46,141.08
2698,282.04,34.71
2699,1771.01,269.8
2700,3466.17,315.3
2701,937.55,202.48
2702,1380.13,174.23
2703,7828.15,479.2
2704,1130.94,145.68
2705,693.16,110.22
2706,1728.91,172.12
2707,1728.91,172.12
2708,1060.26,101.24
2709,628.78,95.75
2710,3799.2,337.15
2711,2034.41,391.27
2712,354.19,67.07
2713,7264.12,744.0
2714,256.19,36.89
2715,750.27,108.03
2716,1103.67,143.69
2717,1137.28,124.05
2718,1779.51,186.26
2719,1883.47,268.01
2720,4714.31,705.39
2721,889.5,94.1
2722,1334.3,255.04
2723,2552.1,233.06
2724,835.95,120.09
2725,171.11,32.21
2726,1118.34,129.91
2727,1762.98,176.32
2728,1012.5,127.96
2729,6049.55,527.24
2730,896.95,137.66
2731,764.53,73.54
2732,763.5,120.66
2733,183.52,35.89
2734,902.81,115.3
2735,93.37,24.6
2736,1700.14,303.07
2737,650.73,105.66
2738,746.58,114.76
2739,308.6,57.86
2740,902.22,86.64
2741,3294.63,368.86
2742,402.41,46.03
2743,95.18,22.84
2744,523.6,83.09
2745,1217.96,133.74
2746,1052.02,105.46
2747,2391.62,274.66
2748,654.13,90.61
2749,577.36,62.85
2750,681.56,120.86
2751,5672.24,643.08
2752,959.71,124.24
2753,1967.23,218.15
2754,2906.43,363.94
2755,2414.83,298.51
2756,234.82,29.42
2757,462.29,71.5
2758,5900.91,460.27
2759,13876.99,870.54
2760,553.63,85.39
2761,4097.65,361.78
2762,1315.44,158.91
2763,1394.51,209.58
2764,3469.59,309.27
2765,204.52,42.26
2766,178.78,20.48
2767,1166.58,122.82
2768,1588.22,152.86
2769,1524.62,203.11
2770,1506.79,189.1
2771,702.81,93.71
2772,264.8,40.53
2773,565.79,89.49
2774,1112.41,132.35
2775,174.63,26.8
2776,743.12,133.98
2777,315.55,65.04
2778,1417.68,163.22
2779,1432.2,131.57
2780,1182.52,115.77
2781,1693.26,214.5
2782,930.28,108.37
2783,502.49,59.3
2784,1416.65,179.73
2785,1386.05,210.43
2786,569.77,79.45
2787,1520.56,223.38
2788,625.63,61.07
2789,377.29,88.84
2790,842.41,112.28
2791,806.54,102.61
2792,705.55,96.89
2793,835.95,120.09
2794,1112.43,191.67
2795,1092.21,207.09
2796,251.18,46.91
2797,378.61,58.18
2798,650.12,95.72
2799,28.31,3.4
2800,1288.66,254.44
2801,444.88,27.63
2802,909.1,94.21
2803,222.44,41.81
2804,5354.11,703.88
2805,866.44,128.78
2806,454.25,82.81
2807,3645.47,446.71
2808,335.17,61.65
2809,4519.07,350.23
2810,622.6,115.69
2811,1097.19,173.45
2812,192.18,23.37
2813,609.26,92.33
2814,3218.53,390.56
2815,965.57,133.96
2816,1097.19,173.45
2817,1082.77,177.8
2818,2018.81,202.9
2819,408.56,58.83
2820,651.12,81.84
2821,1292.81,169.14
2822,446.0,89.53
2823,325.55,47.13
2824,1510.93,125.52
2825,1086.68,185.0
2826,891.84,122.54
2827,650.74,87.86
2828,946.05,98.28
2829,6390.71,391.43
2830,1234.19,143.47
2831,800.52,102.08
2832,1222.21,134.02
2833,1354.2,174.04
2834,929.44,143.31
2835,2279.56,289.04
2836,2040.73,332.23
2837,21938.11,1144.28
2838,731.03,104.98
2839,1311.73,129.53
2840,691.63,95.25
2841,482.58,55.58
2842,686.07,87.29
2843,860.98,173.56
2844,290.09,34.81
2845,450.14,66.06
2846,1802.18,282.29
2847,1208.47,172.26
2848,670.87,134.16
2849,814.28,132.87
2850,1452.57,231.41
2851,651.29,104.07
2852,1773.5,249.95
2853,1973.81,284.03
2854,1153.74,172.67
2855,476.95,89.98
2856,868.33,111.47
2857,568.85,87.82
2858,1121.08,244.35
2859,582.05,72.96
2860,1284.5,187.83
2861,1392.44,209.46
2862,801.29,108.71
2863,673.62,106.82
2864,707.35,97.93
2865,748.95,167.69
2866,680.45,163.3
2867,860.25,122.5
2868,1620.3,191.21
2869,1684.66,269.29
2870,15224.26,675.26
2871,1518.23,247.23
2872,1403.66,210.11
2873,458.05,90.34
2874,713.19,171.16
2875,1018.52,156.39
2876,688.9,76.14
2877,402.41,46.03
2878,807.26,131.6
2879,1258.17,153.4
2880,386.6,67.31
2881,47.62,6.86
2882,1328.55,121.88
2883,967.48,110.68
2884,892.64,173.22
2885,1370.93,248.85
2886,2952.32,288.24
2887,448.4,93.46
2888,647.97,103.11
2889,2476.73,342.02
2890,1051.82,101.79
2891,1237.35,169.45
2892,1167.53,129.97
2893,1319.5,148.78
2894,1663.78,187.07
2895,1343.99,137.23
2896,4619.48,276.23
2897,1003.13,90.45
2898,204.15,30.48
2899,1080.08,224.65
2900,920.05,126.41
2901,1029.11,143.1
2902,9553.07,601.42
2903,3362.09,347.59
2904,441.41,104.9
2905,420.84,45.42
2906,2268.73,216.01
2907,235.19,56.44
2908,457.94,97.9
2909,798.9,153.56
2910,865.29,114.31
2911,991.36,234.52
2912,356.01,64.08
2913,852.17,117.0
2914,5057.15,371.35
2915,1482.36,217.82
2916,2530.71,273.97
2917,776.78,185.17
2918,743.16,132.4
2919,1924.62,193.39
2920,870.44,122.03
2921,1765.31,172.43
2922,5293.89,405.7
2923,2431.2,279.57
2924,489.92,67.78
2925,5563.85,434.67
2926,1400.17,156.87
2927,601.78,95.19
2928,414.64,80.83
2929,818.55,113.64
2930,812.66,112.79
2931,4651.6,378.43
2932,1175.84,137.31
2933,597.77,84.56
2934,630.1,62.02
2935,120.94,19.26
2936,120.94,19.26
2937,1323.73,194.41
2938,744.31,100.49
2939,29046.32,1905.74
2940,192.98,34.74
2941,177.52,42.6
2942,19.64,2.71
2943,789.85,106.5
2944,1148.46,211.32
2945,237.53,50.48
2946,552.98,66.09
2947,2086.53,152.97
2948,420.54,60.07
2949,2107.38,230.63
2950,852.71,165.46
2951,883.59,128.97
2952,257.49,43.22
2953,515.39,76.49
2954,777.41,125.26
2955,660.22,75.03
2956,1953.15,205.83
2957,10041.55,950.69
2958,801.29,108.71
2959,677.64,90.91
2960,374.77,89.94
2961,532.74,91.65
2962,780.51,122.86
